Workbook

Sheet Trang tính1
A1: Dứt điểm (ATK) | B1: Dứt điểm, Sút xa, Chọn vị trí, Đánh đầu, Tạt | F1: Finisher | M1: ĐÓNG GÓP CỦA CHỈ SỐ GỐC VÀO OVR THEO VỊ TRÍ | Y1: CHIỀU CAO VÀ CÔNG THỨC JUM
A2: Phối hợp (DIS) | B2: Chuyền ngắn, Chuyền dài, Tầm Nhìn, Cầm bóng, Khéo léo | F2: PlayMaker | M2: Tự động theo trọng số nhóm B10:F20 và trọng số vị trí E24:J33. Mỗi cột phải bằng 100%; công thức bám đúng mẫu số /10 và /25 hiện tại. | Y2: JUM mới = ROUND((JUM gốc + Chiều cao cm - 100) / 2, 0). Ô chiều cao và JUM gốc là đầu vào có thể chỉnh sửa.
A3: Đột biến (CRE) | B3: Rê bóng, Cầm bóng, Khéo léo, Tầm Nhìn, Quyết đoán | F3: Maverick | M3: Chỉ số gốc | N3: =$D24 -> ST | O3: =$D25 -> CF | P3: =$D26 -> WF | Q3: =$D27 -> AM | R3: =$D28 -> WM | S3: =$D29 -> CM | T3: =$D30 -> PV | U3: =$D31 -> WB | V3: =$D32 -> FB | W3: =$D33 -> CB | Y3: Sheet | Z3: Cầu thủ | AA3: Chiều cao (cm) | AB3: JUM gốc | AC3: JUM mới | AD3: Thay đổi | AE3: Nguồn/ghi chú
A4: Thể chất (PHY) | B4: Tốc độ, tăng tốc, thể lực, sức mạnh, bật nhảy | F4: Beast | M4: =$A24 -> FIN | N4: =IFERROR((SUMIF($B$9:$F$9,$M4,$B$10:$F$10)*INDEX($E$24:$J$33,MATCH(N$3,$D$24:$D$33,0),MATCH($A$10,$E$23:$J$23,0))+SUMIF($B$11:$F$11,$M4,$B$12:$F$12)*INDEX($E$24:$J$33,MATCH(N$3,$D$24:$D$33,0),MATCH($A$12,$E$23:$J$23,0))+SUMIF($B$13:$F$13,$M4,$B$14:$F$14)*INDEX($E$24:$J$33,MATCH(N$3,$D$24:$D$33,0),MATCH($A$14,$E$23:$J$23,0))+SUMIF($B$15:$F$15,$M4,$B$16:$F$16)*INDEX($E$24:$J$33,MATCH(N$3,$D$24:$D$33,0),MATCH($A$16,$E$23:$J$23,0))+SUMIF($B$17:$F$17,$M4,$B$18:$F$18)*INDEX($E$24:$J$33,MATCH(N$3,$D$24:$D$33,0),MATCH($A$18,$E$23:$J$23,0))+SUMIF($B$19:$F$19,$M4,$B$20:$F$20)*INDEX($E$24:$J$33,MATCH(N$3,$D$24:$D$33,0),MATCH($A$20,$E$23:$J$23,0)))/250,0) -> 0.128 | O4: =IFERROR((SUMIF($B$9:$F$9,$M4,$B$10:$F$10)*INDEX($E$24:$J$33,MATCH(O$3,$D$24:$D$33,0),MATCH($A$10,$E$23:$J$23,0))+SUMIF($B$11:$F$11,$M4,$B$12:$F$12)*INDEX($E$24:$J$33,MATCH(O$3,$D$24:$D$33,0),MATCH($A$12,$E$23:$J$23,0))+SUMIF($B$13:$F$13,$M4,$B$14:$F$14)*INDEX($E$24:$J$33,MATCH(O$3,$D$24:$D$33,0),MATCH($A$14,$E$23:$J$23,0))+SUMIF($B$15:$F$15,$M4,$B$16:$F$16)*INDEX($E$24:$J$33,MATCH(O$3,$D$24:$D$33,0),MATCH($A$16,$E$23:$J$23,0))+SUMIF($B$17:$F$17,$M4,$B$18:$F$18)*INDEX($E$24:$J$33,MATCH(O$3,$D$24:$D$33,0),MATCH($A$18,$E$23:$J$23,0))+SUMIF($B$19:$F$19,$M4,$B$20:$F$20)*INDEX($E$24:$J$33,MATCH(O$3,$D$24:$D$33,0),MATCH($A$20,$E$23:$J$23,0)))/250,0) -> 0.096 | P4: =IFERROR((SUMIF($B$9:$F$9,$M4,$B$10:$F$10)*INDEX($E$24:$J$33,MATCH(P$3,$D$24:$D$33,0),MATCH($A$10,$E$23:$J$23,0))+SUMIF($B$11:$F$11,$M4,$B$12:$F$12)*INDEX($E$24:$J$33,MATCH(P$3,$D$24:$D$33,0),MATCH($A$12,$E$23:$J$23,0))+SUMIF($B$13:$F$13,$M4,$B$14:$F$14)*INDEX($E$24:$J$33,MATCH(P$3,$D$24:$D$33,0),MATCH($A$14,$E$23:$J$23,0))+SUMIF($B$15:$F$15,$M4,$B$16:$F$16)*INDEX($E$24:$J$33,MATCH(P$3,$D$24:$D$33,0),MATCH($A$16,$E$23:$J$23,0))+SUMIF($B$17:$F$17,$M4,$B$18:$F$18)*INDEX($E$24:$J$33,MATCH(P$3,$D$24:$D$33,0),MATCH($A$18,$E$23:$J$23,0))+SUMIF($B$19:$F$19,$M4,$B$20:$F$20)*INDEX($E$24:$J$33,MATCH(P$3,$D$24:$D$33,0),MATCH($A$20,$E$23:$J$23,0)))/250,0) -> 0.096 | Q4: =IFERROR((SUMIF($B$9:$F$9,$M4,$B$10:$F$10)*INDEX($E$24:$J$33,MATCH(Q$3,$D$24:$D$33,0),MATCH($A$10,$E$23:$J$23,0))+SUMIF($B$11:$F$11,$M4,$B$12:$F$12)*INDEX($E$24:$J$33,MATCH(Q$3,$D$24:$D$33,0),MATCH($A$12,$E$23:$J$23,0))+SUMIF($B$13:$F$13,$M4,$B$14:$F$14)*INDEX($E$24:$J$33,MATCH(Q$3,$D$24:$D$33,0),MATCH($A$14,$E$23:$J$23,0))+SUMIF($B$15:$F$15,$M4,$B$16:$F$16)*INDEX($E$24:$J$33,MATCH(Q$3,$D$24:$D$33,0),MATCH($A$16,$E$23:$J$23,0))+SUMIF($B$17:$F$17,$M4,$B$18:$F$18)*INDEX($E$24:$J$33,MATCH(Q$3,$D$24:$D$33,0),MATCH($A$18,$E$23:$J$23,0))+SUMIF($B$19:$F$19,$M4,$B$20:$F$20)*INDEX($E$24:$J$33,MATCH(Q$3,$D$24:$D$33,0),MATCH($A$20,$E$23:$J$23,0)))/250,0) -> 0.064 | R4: =IFERROR((SUMIF($B$9:$F$9,$M4,$B$10:$F$10)*INDEX($E$24:$J$33,MATCH(R$3,$D$24:$D$33,0),MATCH($A$10,$E$23:$J$23,0))+SUMIF($B$11:$F$11,$M4,$B$12:$F$12)*INDEX($E$24:$J$33,MATCH(R$3,$D$24:$D$33,0),MATCH($A$12,$E$23:$J$23,0))+SUMIF($B$13:$F$13,$M4,$B$14:$F$14)*INDEX($E$24:$J$33,MATCH(R$3,$D$24:$D$33,0),MATCH($A$14,$E$23:$J$23,0))+SUMIF($B$15:$F$15,$M4,$B$16:$F$16)*INDEX($E$24:$J$33,MATCH(R$3,$D$24:$D$33,0),MATCH($A$16,$E$23:$J$23,0))+SUMIF($B$17:$F$17,$M4,$B$18:$F$18)*INDEX($E$24:$J$33,MATCH(R$3,$D$24:$D$33,0),MATCH($A$18,$E$23:$J$23,0))+SUMIF($B$19:$F$19,$M4,$B$20:$F$20)*INDEX($E$24:$J$33,MATCH(R$3,$D$24:$D$33,0),MATCH($A$20,$E$23:$J$23,0)))/250,0) -> 0.048 | S4: =IFERROR((SUMIF($B$9:$F$9,$M4,$B$10:$F$10)*INDEX($E$24:$J$33,MATCH(S$3,$D$24:$D$33,0),MATCH($A$10,$E$23:$J$23,0))+SUMIF($B$11:$F$11,$M4,$B$12:$F$12)*INDEX($E$24:$J$33,MATCH(S$3,$D$24:$D$33,0),MATCH($A$12,$E$23:$J$23,0))+SUMIF($B$13:$F$13,$M4,$B$14:$F$14)*INDEX($E$24:$J$33,MATCH(S$3,$D$24:$D$33,0),MATCH($A$14,$E$23:$J$23,0))+SUMIF($B$15:$F$15,$M4,$B$16:$F$16)*INDEX($E$24:$J$33,MATCH(S$3,$D$24:$D$33,0),MATCH($A$16,$E$23:$J$23,0))+SUMIF($B$17:$F$17,$M4,$B$18:$F$18)*INDEX($E$24:$J$33,MATCH(S$3,$D$24:$D$33,0),MATCH($A$18,$E$23:$J$23,0))+SUMIF($B$19:$F$19,$M4,$B$20:$F$20)*INDEX($E$24:$J$33,MATCH(S$3,$D$24:$D$33,0),MATCH($A$20,$E$23:$J$23,0)))/250,0) -> 0.032 | T4: =IFERROR((SUMIF($B$9:$F$9,$M4,$B$10:$F$10)*INDEX($E$24:$J$33,MATCH(T$3,$D$24:$D$33,0),MATCH($A$10,$E$23:$J$23,0))+SUMIF($B$11:$F$11,$M4,$B$12:$F$12)*INDEX($E$24:$J$33,MATCH(T$3,$D$24:$D$33,0),MATCH($A$12,$E$23:$J$23,0))+SUMIF($B$13:$F$13,$M4,$B$14:$F$14)*INDEX($E$24:$J$33,MATCH(T$3,$D$24:$D$33,0),MATCH($A$14,$E$23:$J$23,0))+SUMIF($B$15:$F$15,$M4,$B$16:$F$16)*INDEX($E$24:$J$33,MATCH(T$3,$D$24:$D$33,0),MATCH($A$16,$E$23:$J$23,0))+SUMIF($B$17:$F$17,$M4,$B$18:$F$18)*INDEX($E$24:$J$33,MATCH(T$3,$D$24:$D$33,0),MATCH($A$18,$E$23:$J$23,0))+SUMIF($B$19:$F$19,$M4,$B$20:$F$20)*INDEX($E$24:$J$33,MATCH(T$3,$D$24:$D$33,0),MATCH($A$20,$E$23:$J$23,0)))/250,0) -> 0.016 | U4: =IFERROR((SUMIF($B$9:$F$9,$M4,$B$10:$F$10)*INDEX($E$24:$J$33,MATCH(U$3,$D$24:$D$33,0),MATCH($A$10,$E$23:$J$23,0))+SUMIF($B$11:$F$11,$M4,$B$12:$F$12)*INDEX($E$24:$J$33,MATCH(U$3,$D$24:$D$33,0),MATCH($A$12,$E$23:$J$23,0))+SUMIF($B$13:$F$13,$M4,$B$14:$F$14)*INDEX($E$24:$J$33,MATCH(U$3,$D$24:$D$33,0),MATCH($A$14,$E$23:$J$23,0))+SUMIF($B$15:$F$15,$M4,$B$16:$F$16)*INDEX($E$24:$J$33,MATCH(U$3,$D$24:$D$33,0),MATCH($A$16,$E$23:$J$23,0))+SUMIF($B$17:$F$17,$M4,$B$18:$F$18)*INDEX($E$24:$J$33,MATCH(U$3,$D$24:$D$33,0),MATCH($A$18,$E$23:$J$23,0))+SUMIF($B$19:$F$19,$M4,$B$20:$F$20)*INDEX($E$24:$J$33,MATCH(U$3,$D$24:$D$33,0),MATCH($A$20,$E$23:$J$23,0)))/250,0) -> 0.032 | ... W4: =IFERROR((SUMIF($B$9:$F$9,$M4,$B$10:$F$10)*INDEX($E$24:$J$33,MATCH(W$3,$D$24:$D$33,0),MATCH($A$10,$E$23:$J$23,0))+SUMIF($B$11:$F$11,$M4,$B$12:$F$12)*INDEX($E$24:$J$33,MATCH(W$3,$D$24:$D$33,0),MATCH($A$12,$E$23:$J$23,0))+SUMIF($B$13:$F$13,$M4,$B$14:$F$14)*INDEX($E$24:$J$33,MATCH(W$3,$D$24:$D$33,0),MATCH($A$14,$E$23:$J$23,0))+SUMIF($B$15:$F$15,$M4,$B$16:$F$16)*INDEX($E$24:$J$33,MATCH(W$3,$D$24:$D$33,0),MATCH($A$16,$E$23:$J$23,0))+SUMIF($B$17:$F$17,$M4,$B$18:$F$18)*INDEX($E$24:$J$33,MATCH(W$3,$D$24:$D$33,0),MATCH($A$18,$E$23:$J$23,0))+SUMIF($B$19:$F$19,$M4,$B$20:$F$20)*INDEX($E$24:$J$33,MATCH(W$3,$D$24:$D$33,0),MATCH($A$20,$E$23:$J$23,0)))/250,0) -> 0.016 | Y4: Messi Icon | Z4: LIONEL MESSI | AA4: 170 | AB4: 70 | AC4: =ROUND((AB4+AA4-100)/2,0) -> 70 | AD4: =AC4-AB4 -> 0 | AE4: Wikidata P2048 và hồ sơ CLB/giải đấu; có thể hiệu chỉnh
A5: Tâm lý (MEN) | B5: Bình tĩnh, Quyết đoán, Chọn vị trí, Tầm nhìn, Quyết định | F5: Solid Mental | M5: =$A25 -> LSH | N5: =IFERROR((SUMIF($B$9:$F$9,$M5,$B$10:$F$10)*INDEX($E$24:$J$33,MATCH(N$3,$D$24:$D$33,0),MATCH($A$10,$E$23:$J$23,0))+SUMIF($B$11:$F$11,$M5,$B$12:$F$12)*INDEX($E$24:$J$33,MATCH(N$3,$D$24:$D$33,0),MATCH($A$12,$E$23:$J$23,0))+SUMIF($B$13:$F$13,$M5,$B$14:$F$14)*INDEX($E$24:$J$33,MATCH(N$3,$D$24:$D$33,0),MATCH($A$14,$E$23:$J$23,0))+SUMIF($B$15:$F$15,$M5,$B$16:$F$16)*INDEX($E$24:$J$33,MATCH(N$3,$D$24:$D$33,0),MATCH($A$16,$E$23:$J$23,0))+SUMIF($B$17:$F$17,$M5,$B$18:$F$18)*INDEX($E$24:$J$33,MATCH(N$3,$D$24:$D$33,0),MATCH($A$18,$E$23:$J$23,0))+SUMIF($B$19:$F$19,$M5,$B$20:$F$20)*INDEX($E$24:$J$33,MATCH(N$3,$D$24:$D$33,0),MATCH($A$20,$E$23:$J$23,0)))/250,0) -> 0.032 | O5: =IFERROR((SUMIF($B$9:$F$9,$M5,$B$10:$F$10)*INDEX($E$24:$J$33,MATCH(O$3,$D$24:$D$33,0),MATCH($A$10,$E$23:$J$23,0))+SUMIF($B$11:$F$11,$M5,$B$12:$F$12)*INDEX($E$24:$J$33,MATCH(O$3,$D$24:$D$33,0),MATCH($A$12,$E$23:$J$23,0))+SUMIF($B$13:$F$13,$M5,$B$14:$F$14)*INDEX($E$24:$J$33,MATCH(O$3,$D$24:$D$33,0),MATCH($A$14,$E$23:$J$23,0))+SUMIF($B$15:$F$15,$M5,$B$16:$F$16)*INDEX($E$24:$J$33,MATCH(O$3,$D$24:$D$33,0),MATCH($A$16,$E$23:$J$23,0))+SUMIF($B$17:$F$17,$M5,$B$18:$F$18)*INDEX($E$24:$J$33,MATCH(O$3,$D$24:$D$33,0),MATCH($A$18,$E$23:$J$23,0))+SUMIF($B$19:$F$19,$M5,$B$20:$F$20)*INDEX($E$24:$J$33,MATCH(O$3,$D$24:$D$33,0),MATCH($A$20,$E$23:$J$23,0)))/250,0) -> 0.024 | P5: =IFERROR((SUMIF($B$9:$F$9,$M5,$B$10:$F$10)*INDEX($E$24:$J$33,MATCH(P$3,$D$24:$D$33,0),MATCH($A$10,$E$23:$J$23,0))+SUMIF($B$11:$F$11,$M5,$B$12:$F$12)*INDEX($E$24:$J$33,MATCH(P$3,$D$24:$D$33,0),MATCH($A$12,$E$23:$J$23,0))+SUMIF($B$13:$F$13,$M5,$B$14:$F$14)*INDEX($E$24:$J$33,MATCH(P$3,$D$24:$D$33,0),MATCH($A$14,$E$23:$J$23,0))+SUMIF($B$15:$F$15,$M5,$B$16:$F$16)*INDEX($E$24:$J$33,MATCH(P$3,$D$24:$D$33,0),MATCH($A$16,$E$23:$J$23,0))+SUMIF($B$17:$F$17,$M5,$B$18:$F$18)*INDEX($E$24:$J$33,MATCH(P$3,$D$24:$D$33,0),MATCH($A$18,$E$23:$J$23,0))+SUMIF($B$19:$F$19,$M5,$B$20:$F$20)*INDEX($E$24:$J$33,MATCH(P$3,$D$24:$D$33,0),MATCH($A$20,$E$23:$J$23,0)))/250,0) -> 0.024 | Q5: =IFERROR((SUMIF($B$9:$F$9,$M5,$B$10:$F$10)*INDEX($E$24:$J$33,MATCH(Q$3,$D$24:$D$33,0),MATCH($A$10,$E$23:$J$23,0))+SUMIF($B$11:$F$11,$M5,$B$12:$F$12)*INDEX($E$24:$J$33,MATCH(Q$3,$D$24:$D$33,0),MATCH($A$12,$E$23:$J$23,0))+SUMIF($B$13:$F$13,$M5,$B$14:$F$14)*INDEX($E$24:$J$33,MATCH(Q$3,$D$24:$D$33,0),MATCH($A$14,$E$23:$J$23,0))+SUMIF($B$15:$F$15,$M5,$B$16:$F$16)*INDEX($E$24:$J$33,MATCH(Q$3,$D$24:$D$33,0),MATCH($A$16,$E$23:$J$23,0))+SUMIF($B$17:$F$17,$M5,$B$18:$F$18)*INDEX($E$24:$J$33,MATCH(Q$3,$D$24:$D$33,0),MATCH($A$18,$E$23:$J$23,0))+SUMIF($B$19:$F$19,$M5,$B$20:$F$20)*INDEX($E$24:$J$33,MATCH(Q$3,$D$24:$D$33,0),MATCH($A$20,$E$23:$J$23,0)))/250,0) -> 0.016 | R5: =IFERROR((SUMIF($B$9:$F$9,$M5,$B$10:$F$10)*INDEX($E$24:$J$33,MATCH(R$3,$D$24:$D$33,0),MATCH($A$10,$E$23:$J$23,0))+SUMIF($B$11:$F$11,$M5,$B$12:$F$12)*INDEX($E$24:$J$33,MATCH(R$3,$D$24:$D$33,0),MATCH($A$12,$E$23:$J$23,0))+SUMIF($B$13:$F$13,$M5,$B$14:$F$14)*INDEX($E$24:$J$33,MATCH(R$3,$D$24:$D$33,0),MATCH($A$14,$E$23:$J$23,0))+SUMIF($B$15:$F$15,$M5,$B$16:$F$16)*INDEX($E$24:$J$33,MATCH(R$3,$D$24:$D$33,0),MATCH($A$16,$E$23:$J$23,0))+SUMIF($B$17:$F$17,$M5,$B$18:$F$18)*INDEX($E$24:$J$33,MATCH(R$3,$D$24:$D$33,0),MATCH($A$18,$E$23:$J$23,0))+SUMIF($B$19:$F$19,$M5,$B$20:$F$20)*INDEX($E$24:$J$33,MATCH(R$3,$D$24:$D$33,0),MATCH($A$20,$E$23:$J$23,0)))/250,0) -> 0.012 | S5: =IFERROR((SUMIF($B$9:$F$9,$M5,$B$10:$F$10)*INDEX($E$24:$J$33,MATCH(S$3,$D$24:$D$33,0),MATCH($A$10,$E$23:$J$23,0))+SUMIF($B$11:$F$11,$M5,$B$12:$F$12)*INDEX($E$24:$J$33,MATCH(S$3,$D$24:$D$33,0),MATCH($A$12,$E$23:$J$23,0))+SUMIF($B$13:$F$13,$M5,$B$14:$F$14)*INDEX($E$24:$J$33,MATCH(S$3,$D$24:$D$33,0),MATCH($A$14,$E$23:$J$23,0))+SUMIF($B$15:$F$15,$M5,$B$16:$F$16)*INDEX($E$24:$J$33,MATCH(S$3,$D$24:$D$33,0),MATCH($A$16,$E$23:$J$23,0))+SUMIF($B$17:$F$17,$M5,$B$18:$F$18)*INDEX($E$24:$J$33,MATCH(S$3,$D$24:$D$33,0),MATCH($A$18,$E$23:$J$23,0))+SUMIF($B$19:$F$19,$M5,$B$20:$F$20)*INDEX($E$24:$J$33,MATCH(S$3,$D$24:$D$33,0),MATCH($A$20,$E$23:$J$23,0)))/250,0) -> 0.008 | T5: =IFERROR((SUMIF($B$9:$F$9,$M5,$B$10:$F$10)*INDEX($E$24:$J$33,MATCH(T$3,$D$24:$D$33,0),MATCH($A$10,$E$23:$J$23,0))+SUMIF($B$11:$F$11,$M5,$B$12:$F$12)*INDEX($E$24:$J$33,MATCH(T$3,$D$24:$D$33,0),MATCH($A$12,$E$23:$J$23,0))+SUMIF($B$13:$F$13,$M5,$B$14:$F$14)*INDEX($E$24:$J$33,MATCH(T$3,$D$24:$D$33,0),MATCH($A$14,$E$23:$J$23,0))+SUMIF($B$15:$F$15,$M5,$B$16:$F$16)*INDEX($E$24:$J$33,MATCH(T$3,$D$24:$D$33,0),MATCH($A$16,$E$23:$J$23,0))+SUMIF($B$17:$F$17,$M5,$B$18:$F$18)*INDEX($E$24:$J$33,MATCH(T$3,$D$24:$D$33,0),MATCH($A$18,$E$23:$J$23,0))+SUMIF($B$19:$F$19,$M5,$B$20:$F$20)*INDEX($E$24:$J$33,MATCH(T$3,$D$24:$D$33,0),MATCH($A$20,$E$23:$J$23,0)))/250,0) -> 0.004 | U5: =IFERROR((SUMIF($B$9:$F$9,$M5,$B$10:$F$10)*INDEX($E$24:$J$33,MATCH(U$3,$D$24:$D$33,0),MATCH($A$10,$E$23:$J$23,0))+SUMIF($B$11:$F$11,$M5,$B$12:$F$12)*INDEX($E$24:$J$33,MATCH(U$3,$D$24:$D$33,0),MATCH($A$12,$E$23:$J$23,0))+SUMIF($B$13:$F$13,$M5,$B$14:$F$14)*INDEX($E$24:$J$33,MATCH(U$3,$D$24:$D$33,0),MATCH($A$14,$E$23:$J$23,0))+SUMIF($B$15:$F$15,$M5,$B$16:$F$16)*INDEX($E$24:$J$33,MATCH(U$3,$D$24:$D$33,0),MATCH($A$16,$E$23:$J$23,0))+SUMIF($B$17:$F$17,$M5,$B$18:$F$18)*INDEX($E$24:$J$33,MATCH(U$3,$D$24:$D$33,0),MATCH($A$18,$E$23:$J$23,0))+SUMIF($B$19:$F$19,$M5,$B$20:$F$20)*INDEX($E$24:$J$33,MATCH(U$3,$D$24:$D$33,0),MATCH($A$20,$E$23:$J$23,0)))/250,0) -> 0.008 | ... W5: =IFERROR((SUMIF($B$9:$F$9,$M5,$B$10:$F$10)*INDEX($E$24:$J$33,MATCH(W$3,$D$24:$D$33,0),MATCH($A$10,$E$23:$J$23,0))+SUMIF($B$11:$F$11,$M5,$B$12:$F$12)*INDEX($E$24:$J$33,MATCH(W$3,$D$24:$D$33,0),MATCH($A$12,$E$23:$J$23,0))+SUMIF($B$13:$F$13,$M5,$B$14:$F$14)*INDEX($E$24:$J$33,MATCH(W$3,$D$24:$D$33,0),MATCH($A$14,$E$23:$J$23,0))+SUMIF($B$15:$F$15,$M5,$B$16:$F$16)*INDEX($E$24:$J$33,MATCH(W$3,$D$24:$D$33,0),MATCH($A$16,$E$23:$J$23,0))+SUMIF($B$17:$F$17,$M5,$B$18:$F$18)*INDEX($E$24:$J$33,MATCH(W$3,$D$24:$D$33,0),MATCH($A$18,$E$23:$J$23,0))+SUMIF($B$19:$F$19,$M5,$B$20:$F$20)*INDEX($E$24:$J$33,MATCH(W$3,$D$24:$D$33,0),MATCH($A$20,$E$23:$J$23,0)))/250,0) -> 0.004 | Y5: Bale Icon | Z5: GARETH BALE | AA5: 186 | AB5: 87 | AC5: =ROUND((AB5+AA5-100)/2,0) -> 87 | AD5: =AC5-AB5 -> 0 | AE5: Wikidata P2048 và hồ sơ CLB/giải đấu; có thể hiệu chỉnh
A6: Phòng thủ (DEF) | B6: Đánh chặn, Tắc bóng, Xoạc bóng, Lấy bóng, Đánh đầu | F6: Shield | M6: =$A26 -> POS | N6: =IFERROR((SUMIF($B$9:$F$9,$M6,$B$10:$F$10)*INDEX($E$24:$J$33,MATCH(N$3,$D$24:$D$33,0),MATCH($A$10,$E$23:$J$23,0))+SUMIF($B$11:$F$11,$M6,$B$12:$F$12)*INDEX($E$24:$J$33,MATCH(N$3,$D$24:$D$33,0),MATCH($A$12,$E$23:$J$23,0))+SUMIF($B$13:$F$13,$M6,$B$14:$F$14)*INDEX($E$24:$J$33,MATCH(N$3,$D$24:$D$33,0),MATCH($A$14,$E$23:$J$23,0))+SUMIF($B$15:$F$15,$M6,$B$16:$F$16)*INDEX($E$24:$J$33,MATCH(N$3,$D$24:$D$33,0),MATCH($A$16,$E$23:$J$23,0))+SUMIF($B$17:$F$17,$M6,$B$18:$F$18)*INDEX($E$24:$J$33,MATCH(N$3,$D$24:$D$33,0),MATCH($A$18,$E$23:$J$23,0))+SUMIF($B$19:$F$19,$M6,$B$20:$F$20)*INDEX($E$24:$J$33,MATCH(N$3,$D$24:$D$33,0),MATCH($A$20,$E$23:$J$23,0)))/250,0) -> 0.088 | O6: =IFERROR((SUMIF($B$9:$F$9,$M6,$B$10:$F$10)*INDEX($E$24:$J$33,MATCH(O$3,$D$24:$D$33,0),MATCH($A$10,$E$23:$J$23,0))+SUMIF($B$11:$F$11,$M6,$B$12:$F$12)*INDEX($E$24:$J$33,MATCH(O$3,$D$24:$D$33,0),MATCH($A$12,$E$23:$J$23,0))+SUMIF($B$13:$F$13,$M6,$B$14:$F$14)*INDEX($E$24:$J$33,MATCH(O$3,$D$24:$D$33,0),MATCH($A$14,$E$23:$J$23,0))+SUMIF($B$15:$F$15,$M6,$B$16:$F$16)*INDEX($E$24:$J$33,MATCH(O$3,$D$24:$D$33,0),MATCH($A$16,$E$23:$J$23,0))+SUMIF($B$17:$F$17,$M6,$B$18:$F$18)*INDEX($E$24:$J$33,MATCH(O$3,$D$24:$D$33,0),MATCH($A$18,$E$23:$J$23,0))+SUMIF($B$19:$F$19,$M6,$B$20:$F$20)*INDEX($E$24:$J$33,MATCH(O$3,$D$24:$D$33,0),MATCH($A$20,$E$23:$J$23,0)))/250,0) -> 0.072 | P6: =IFERROR((SUMIF($B$9:$F$9,$M6,$B$10:$F$10)*INDEX($E$24:$J$33,MATCH(P$3,$D$24:$D$33,0),MATCH($A$10,$E$23:$J$23,0))+SUMIF($B$11:$F$11,$M6,$B$12:$F$12)*INDEX($E$24:$J$33,MATCH(P$3,$D$24:$D$33,0),MATCH($A$12,$E$23:$J$23,0))+SUMIF($B$13:$F$13,$M6,$B$14:$F$14)*INDEX($E$24:$J$33,MATCH(P$3,$D$24:$D$33,0),MATCH($A$14,$E$23:$J$23,0))+SUMIF($B$15:$F$15,$M6,$B$16:$F$16)*INDEX($E$24:$J$33,MATCH(P$3,$D$24:$D$33,0),MATCH($A$16,$E$23:$J$23,0))+SUMIF($B$17:$F$17,$M6,$B$18:$F$18)*INDEX($E$24:$J$33,MATCH(P$3,$D$24:$D$33,0),MATCH($A$18,$E$23:$J$23,0))+SUMIF($B$19:$F$19,$M6,$B$20:$F$20)*INDEX($E$24:$J$33,MATCH(P$3,$D$24:$D$33,0),MATCH($A$20,$E$23:$J$23,0)))/250,0) -> 0.072 | Q6: =IFERROR((SUMIF($B$9:$F$9,$M6,$B$10:$F$10)*INDEX($E$24:$J$33,MATCH(Q$3,$D$24:$D$33,0),MATCH($A$10,$E$23:$J$23,0))+SUMIF($B$11:$F$11,$M6,$B$12:$F$12)*INDEX($E$24:$J$33,MATCH(Q$3,$D$24:$D$33,0),MATCH($A$12,$E$23:$J$23,0))+SUMIF($B$13:$F$13,$M6,$B$14:$F$14)*INDEX($E$24:$J$33,MATCH(Q$3,$D$24:$D$33,0),MATCH($A$14,$E$23:$J$23,0))+SUMIF($B$15:$F$15,$M6,$B$16:$F$16)*INDEX($E$24:$J$33,MATCH(Q$3,$D$24:$D$33,0),MATCH($A$16,$E$23:$J$23,0))+SUMIF($B$17:$F$17,$M6,$B$18:$F$18)*INDEX($E$24:$J$33,MATCH(Q$3,$D$24:$D$33,0),MATCH($A$18,$E$23:$J$23,0))+SUMIF($B$19:$F$19,$M6,$B$20:$F$20)*INDEX($E$24:$J$33,MATCH(Q$3,$D$24:$D$33,0),MATCH($A$20,$E$23:$J$23,0)))/250,0) -> 0.056 | R6: =IFERROR((SUMIF($B$9:$F$9,$M6,$B$10:$F$10)*INDEX($E$24:$J$33,MATCH(R$3,$D$24:$D$33,0),MATCH($A$10,$E$23:$J$23,0))+SUMIF($B$11:$F$11,$M6,$B$12:$F$12)*INDEX($E$24:$J$33,MATCH(R$3,$D$24:$D$33,0),MATCH($A$12,$E$23:$J$23,0))+SUMIF($B$13:$F$13,$M6,$B$14:$F$14)*INDEX($E$24:$J$33,MATCH(R$3,$D$24:$D$33,0),MATCH($A$14,$E$23:$J$23,0))+SUMIF($B$15:$F$15,$M6,$B$16:$F$16)*INDEX($E$24:$J$33,MATCH(R$3,$D$24:$D$33,0),MATCH($A$16,$E$23:$J$23,0))+SUMIF($B$17:$F$17,$M6,$B$18:$F$18)*INDEX($E$24:$J$33,MATCH(R$3,$D$24:$D$33,0),MATCH($A$18,$E$23:$J$23,0))+SUMIF($B$19:$F$19,$M6,$B$20:$F$20)*INDEX($E$24:$J$33,MATCH(R$3,$D$24:$D$33,0),MATCH($A$20,$E$23:$J$23,0)))/250,0) -> 0.048 | S6: =IFERROR((SUMIF($B$9:$F$9,$M6,$B$10:$F$10)*INDEX($E$24:$J$33,MATCH(S$3,$D$24:$D$33,0),MATCH($A$10,$E$23:$J$23,0))+SUMIF($B$11:$F$11,$M6,$B$12:$F$12)*INDEX($E$24:$J$33,MATCH(S$3,$D$24:$D$33,0),MATCH($A$12,$E$23:$J$23,0))+SUMIF($B$13:$F$13,$M6,$B$14:$F$14)*INDEX($E$24:$J$33,MATCH(S$3,$D$24:$D$33,0),MATCH($A$14,$E$23:$J$23,0))+SUMIF($B$15:$F$15,$M6,$B$16:$F$16)*INDEX($E$24:$J$33,MATCH(S$3,$D$24:$D$33,0),MATCH($A$16,$E$23:$J$23,0))+SUMIF($B$17:$F$17,$M6,$B$18:$F$18)*INDEX($E$24:$J$33,MATCH(S$3,$D$24:$D$33,0),MATCH($A$18,$E$23:$J$23,0))+SUMIF($B$19:$F$19,$M6,$B$20:$F$20)*INDEX($E$24:$J$33,MATCH(S$3,$D$24:$D$33,0),MATCH($A$20,$E$23:$J$23,0)))/250,0) -> 0.04 | T6: =IFERROR((SUMIF($B$9:$F$9,$M6,$B$10:$F$10)*INDEX($E$24:$J$33,MATCH(T$3,$D$24:$D$33,0),MATCH($A$10,$E$23:$J$23,0))+SUMIF($B$11:$F$11,$M6,$B$12:$F$12)*INDEX($E$24:$J$33,MATCH(T$3,$D$24:$D$33,0),MATCH($A$12,$E$23:$J$23,0))+SUMIF($B$13:$F$13,$M6,$B$14:$F$14)*INDEX($E$24:$J$33,MATCH(T$3,$D$24:$D$33,0),MATCH($A$14,$E$23:$J$23,0))+SUMIF($B$15:$F$15,$M6,$B$16:$F$16)*INDEX($E$24:$J$33,MATCH(T$3,$D$24:$D$33,0),MATCH($A$16,$E$23:$J$23,0))+SUMIF($B$17:$F$17,$M6,$B$18:$F$18)*INDEX($E$24:$J$33,MATCH(T$3,$D$24:$D$33,0),MATCH($A$18,$E$23:$J$23,0))+SUMIF($B$19:$F$19,$M6,$B$20:$F$20)*INDEX($E$24:$J$33,MATCH(T$3,$D$24:$D$33,0),MATCH($A$20,$E$23:$J$23,0)))/250,0) -> 0.032 | U6: =IFERROR((SUMIF($B$9:$F$9,$M6,$B$10:$F$10)*INDEX($E$24:$J$33,MATCH(U$3,$D$24:$D$33,0),MATCH($A$10,$E$23:$J$23,0))+SUMIF($B$11:$F$11,$M6,$B$12:$F$12)*INDEX($E$24:$J$33,MATCH(U$3,$D$24:$D$33,0),MATCH($A$12,$E$23:$J$23,0))+SUMIF($B$13:$F$13,$M6,$B$14:$F$14)*INDEX($E$24:$J$33,MATCH(U$3,$D$24:$D$33,0),MATCH($A$14,$E$23:$J$23,0))+SUMIF($B$15:$F$15,$M6,$B$16:$F$16)*INDEX($E$24:$J$33,MATCH(U$3,$D$24:$D$33,0),MATCH($A$16,$E$23:$J$23,0))+SUMIF($B$17:$F$17,$M6,$B$18:$F$18)*INDEX($E$24:$J$33,MATCH(U$3,$D$24:$D$33,0),MATCH($A$18,$E$23:$J$23,0))+SUMIF($B$19:$F$19,$M6,$B$20:$F$20)*INDEX($E$24:$J$33,MATCH(U$3,$D$24:$D$33,0),MATCH($A$20,$E$23:$J$23,0)))/250,0) -> 0.04 | ... W6: =IFERROR((SUMIF($B$9:$F$9,$M6,$B$10:$F$10)*INDEX($E$24:$J$33,MATCH(W$3,$D$24:$D$33,0),MATCH($A$10,$E$23:$J$23,0))+SUMIF($B$11:$F$11,$M6,$B$12:$F$12)*INDEX($E$24:$J$33,MATCH(W$3,$D$24:$D$33,0),MATCH($A$12,$E$23:$J$23,0))+SUMIF($B$13:$F$13,$M6,$B$14:$F$14)*INDEX($E$24:$J$33,MATCH(W$3,$D$24:$D$33,0),MATCH($A$14,$E$23:$J$23,0))+SUMIF($B$15:$F$15,$M6,$B$16:$F$16)*INDEX($E$24:$J$33,MATCH(W$3,$D$24:$D$33,0),MATCH($A$16,$E$23:$J$23,0))+SUMIF($B$17:$F$17,$M6,$B$18:$F$18)*INDEX($E$24:$J$33,MATCH(W$3,$D$24:$D$33,0),MATCH($A$18,$E$23:$J$23,0))+SUMIF($B$19:$F$19,$M6,$B$20:$F$20)*INDEX($E$24:$J$33,MATCH(W$3,$D$24:$D$33,0),MATCH($A$20,$E$23:$J$23,0)))/250,0) -> 0.032 | Y6: CR7 Icon | Z6: CRISTIANO RONALDO | AA6: 187 | AB6: 94 | AC6: =ROUND((AB6+AA6-100)/2,0) -> 91 | AD6: =AC6-AB6 -> -3 | AE6: Wikidata P2048 và hồ sơ CLB/giải đấu; có thể hiệu chỉnh
M7: =$A27 -> HEA | N7: =IFERROR((SUMIF($B$9:$F$9,$M7,$B$10:$F$10)*INDEX($E$24:$J$33,MATCH(N$3,$D$24:$D$33,0),MATCH($A$10,$E$23:$J$23,0))+SUMIF($B$11:$F$11,$M7,$B$12:$F$12)*INDEX($E$24:$J$33,MATCH(N$3,$D$24:$D$33,0),MATCH($A$12,$E$23:$J$23,0))+SUMIF($B$13:$F$13,$M7,$B$14:$F$14)*INDEX($E$24:$J$33,MATCH(N$3,$D$24:$D$33,0),MATCH($A$14,$E$23:$J$23,0))+SUMIF($B$15:$F$15,$M7,$B$16:$F$16)*INDEX($E$24:$J$33,MATCH(N$3,$D$24:$D$33,0),MATCH($A$16,$E$23:$J$23,0))+SUMIF($B$17:$F$17,$M7,$B$18:$F$18)*INDEX($E$24:$J$33,MATCH(N$3,$D$24:$D$33,0),MATCH($A$18,$E$23:$J$23,0))+SUMIF($B$19:$F$19,$M7,$B$20:$F$20)*INDEX($E$24:$J$33,MATCH(N$3,$D$24:$D$33,0),MATCH($A$20,$E$23:$J$23,0)))/250,0) -> 0.054 | O7: =IFERROR((SUMIF($B$9:$F$9,$M7,$B$10:$F$10)*INDEX($E$24:$J$33,MATCH(O$3,$D$24:$D$33,0),MATCH($A$10,$E$23:$J$23,0))+SUMIF($B$11:$F$11,$M7,$B$12:$F$12)*INDEX($E$24:$J$33,MATCH(O$3,$D$24:$D$33,0),MATCH($A$12,$E$23:$J$23,0))+SUMIF($B$13:$F$13,$M7,$B$14:$F$14)*INDEX($E$24:$J$33,MATCH(O$3,$D$24:$D$33,0),MATCH($A$14,$E$23:$J$23,0))+SUMIF($B$15:$F$15,$M7,$B$16:$F$16)*INDEX($E$24:$J$33,MATCH(O$3,$D$24:$D$33,0),MATCH($A$16,$E$23:$J$23,0))+SUMIF($B$17:$F$17,$M7,$B$18:$F$18)*INDEX($E$24:$J$33,MATCH(O$3,$D$24:$D$33,0),MATCH($A$18,$E$23:$J$23,0))+SUMIF($B$19:$F$19,$M7,$B$20:$F$20)*INDEX($E$24:$J$33,MATCH(O$3,$D$24:$D$33,0),MATCH($A$20,$E$23:$J$23,0)))/250,0) -> 0.042 | P7: =IFERROR((SUMIF($B$9:$F$9,$M7,$B$10:$F$10)*INDEX($E$24:$J$33,MATCH(P$3,$D$24:$D$33,0),MATCH($A$10,$E$23:$J$23,0))+SUMIF($B$11:$F$11,$M7,$B$12:$F$12)*INDEX($E$24:$J$33,MATCH(P$3,$D$24:$D$33,0),MATCH($A$12,$E$23:$J$23,0))+SUMIF($B$13:$F$13,$M7,$B$14:$F$14)*INDEX($E$24:$J$33,MATCH(P$3,$D$24:$D$33,0),MATCH($A$14,$E$23:$J$23,0))+SUMIF($B$15:$F$15,$M7,$B$16:$F$16)*INDEX($E$24:$J$33,MATCH(P$3,$D$24:$D$33,0),MATCH($A$16,$E$23:$J$23,0))+SUMIF($B$17:$F$17,$M7,$B$18:$F$18)*INDEX($E$24:$J$33,MATCH(P$3,$D$24:$D$33,0),MATCH($A$18,$E$23:$J$23,0))+SUMIF($B$19:$F$19,$M7,$B$20:$F$20)*INDEX($E$24:$J$33,MATCH(P$3,$D$24:$D$33,0),MATCH($A$20,$E$23:$J$23,0)))/250,0) -> 0.042 | Q7: =IFERROR((SUMIF($B$9:$F$9,$M7,$B$10:$F$10)*INDEX($E$24:$J$33,MATCH(Q$3,$D$24:$D$33,0),MATCH($A$10,$E$23:$J$23,0))+SUMIF($B$11:$F$11,$M7,$B$12:$F$12)*INDEX($E$24:$J$33,MATCH(Q$3,$D$24:$D$33,0),MATCH($A$12,$E$23:$J$23,0))+SUMIF($B$13:$F$13,$M7,$B$14:$F$14)*INDEX($E$24:$J$33,MATCH(Q$3,$D$24:$D$33,0),MATCH($A$14,$E$23:$J$23,0))+SUMIF($B$15:$F$15,$M7,$B$16:$F$16)*INDEX($E$24:$J$33,MATCH(Q$3,$D$24:$D$33,0),MATCH($A$16,$E$23:$J$23,0))+SUMIF($B$17:$F$17,$M7,$B$18:$F$18)*INDEX($E$24:$J$33,MATCH(Q$3,$D$24:$D$33,0),MATCH($A$18,$E$23:$J$23,0))+SUMIF($B$19:$F$19,$M7,$B$20:$F$20)*INDEX($E$24:$J$33,MATCH(Q$3,$D$24:$D$33,0),MATCH($A$20,$E$23:$J$23,0)))/250,0) -> 0.03 | R7: =IFERROR((SUMIF($B$9:$F$9,$M7,$B$10:$F$10)*INDEX($E$24:$J$33,MATCH(R$3,$D$24:$D$33,0),MATCH($A$10,$E$23:$J$23,0))+SUMIF($B$11:$F$11,$M7,$B$12:$F$12)*INDEX($E$24:$J$33,MATCH(R$3,$D$24:$D$33,0),MATCH($A$12,$E$23:$J$23,0))+SUMIF($B$13:$F$13,$M7,$B$14:$F$14)*INDEX($E$24:$J$33,MATCH(R$3,$D$24:$D$33,0),MATCH($A$14,$E$23:$J$23,0))+SUMIF($B$15:$F$15,$M7,$B$16:$F$16)*INDEX($E$24:$J$33,MATCH(R$3,$D$24:$D$33,0),MATCH($A$16,$E$23:$J$23,0))+SUMIF($B$17:$F$17,$M7,$B$18:$F$18)*INDEX($E$24:$J$33,MATCH(R$3,$D$24:$D$33,0),MATCH($A$18,$E$23:$J$23,0))+SUMIF($B$19:$F$19,$M7,$B$20:$F$20)*INDEX($E$24:$J$33,MATCH(R$3,$D$24:$D$33,0),MATCH($A$20,$E$23:$J$23,0)))/250,0) -> 0.036 | S7: =IFERROR((SUMIF($B$9:$F$9,$M7,$B$10:$F$10)*INDEX($E$24:$J$33,MATCH(S$3,$D$24:$D$33,0),MATCH($A$10,$E$23:$J$23,0))+SUMIF($B$11:$F$11,$M7,$B$12:$F$12)*INDEX($E$24:$J$33,MATCH(S$3,$D$24:$D$33,0),MATCH($A$12,$E$23:$J$23,0))+SUMIF($B$13:$F$13,$M7,$B$14:$F$14)*INDEX($E$24:$J$33,MATCH(S$3,$D$24:$D$33,0),MATCH($A$14,$E$23:$J$23,0))+SUMIF($B$15:$F$15,$M7,$B$16:$F$16)*INDEX($E$24:$J$33,MATCH(S$3,$D$24:$D$33,0),MATCH($A$16,$E$23:$J$23,0))+SUMIF($B$17:$F$17,$M7,$B$18:$F$18)*INDEX($E$24:$J$33,MATCH(S$3,$D$24:$D$33,0),MATCH($A$18,$E$23:$J$23,0))+SUMIF($B$19:$F$19,$M7,$B$20:$F$20)*INDEX($E$24:$J$33,MATCH(S$3,$D$24:$D$33,0),MATCH($A$20,$E$23:$J$23,0)))/250,0) -> 0.036 | T7: =IFERROR((SUMIF($B$9:$F$9,$M7,$B$10:$F$10)*INDEX($E$24:$J$33,MATCH(T$3,$D$24:$D$33,0),MATCH($A$10,$E$23:$J$23,0))+SUMIF($B$11:$F$11,$M7,$B$12:$F$12)*INDEX($E$24:$J$33,MATCH(T$3,$D$24:$D$33,0),MATCH($A$12,$E$23:$J$23,0))+SUMIF($B$13:$F$13,$M7,$B$14:$F$14)*INDEX($E$24:$J$33,MATCH(T$3,$D$24:$D$33,0),MATCH($A$14,$E$23:$J$23,0))+SUMIF($B$15:$F$15,$M7,$B$16:$F$16)*INDEX($E$24:$J$33,MATCH(T$3,$D$24:$D$33,0),MATCH($A$16,$E$23:$J$23,0))+SUMIF($B$17:$F$17,$M7,$B$18:$F$18)*INDEX($E$24:$J$33,MATCH(T$3,$D$24:$D$33,0),MATCH($A$18,$E$23:$J$23,0))+SUMIF($B$19:$F$19,$M7,$B$20:$F$20)*INDEX($E$24:$J$33,MATCH(T$3,$D$24:$D$33,0),MATCH($A$20,$E$23:$J$23,0)))/250,0) -> 0.042 | U7: =IFERROR((SUMIF($B$9:$F$9,$M7,$B$10:$F$10)*INDEX($E$24:$J$33,MATCH(U$3,$D$24:$D$33,0),MATCH($A$10,$E$23:$J$23,0))+SUMIF($B$11:$F$11,$M7,$B$12:$F$12)*INDEX($E$24:$J$33,MATCH(U$3,$D$24:$D$33,0),MATCH($A$12,$E$23:$J$23,0))+SUMIF($B$13:$F$13,$M7,$B$14:$F$14)*INDEX($E$24:$J$33,MATCH(U$3,$D$24:$D$33,0),MATCH($A$14,$E$23:$J$23,0))+SUMIF($B$15:$F$15,$M7,$B$16:$F$16)*INDEX($E$24:$J$33,MATCH(U$3,$D$24:$D$33,0),MATCH($A$16,$E$23:$J$23,0))+SUMIF($B$17:$F$17,$M7,$B$18:$F$18)*INDEX($E$24:$J$33,MATCH(U$3,$D$24:$D$33,0),MATCH($A$18,$E$23:$J$23,0))+SUMIF($B$19:$F$19,$M7,$B$20:$F$20)*INDEX($E$24:$J$33,MATCH(U$3,$D$24:$D$33,0),MATCH($A$20,$E$23:$J$23,0)))/250,0) -> 0.036 | ... W7: =IFERROR((SUMIF($B$9:$F$9,$M7,$B$10:$F$10)*INDEX($E$24:$J$33,MATCH(W$3,$D$24:$D$33,0),MATCH($A$10,$E$23:$J$23,0))+SUMIF($B$11:$F$11,$M7,$B$12:$F$12)*INDEX($E$24:$J$33,MATCH(W$3,$D$24:$D$33,0),MATCH($A$12,$E$23:$J$23,0))+SUMIF($B$13:$F$13,$M7,$B$14:$F$14)*INDEX($E$24:$J$33,MATCH(W$3,$D$24:$D$33,0),MATCH($A$14,$E$23:$J$23,0))+SUMIF($B$15:$F$15,$M7,$B$16:$F$16)*INDEX($E$24:$J$33,MATCH(W$3,$D$24:$D$33,0),MATCH($A$16,$E$23:$J$23,0))+SUMIF($B$17:$F$17,$M7,$B$18:$F$18)*INDEX($E$24:$J$33,MATCH(W$3,$D$24:$D$33,0),MATCH($A$18,$E$23:$J$23,0))+SUMIF($B$19:$F$19,$M7,$B$20:$F$20)*INDEX($E$24:$J$33,MATCH(W$3,$D$24:$D$33,0),MATCH($A$20,$E$23:$J$23,0)))/250,0) -> 0.06 | Y7: Neymar Icon | Z7: NEYMAR JR | AA7: 175 | AB7: 71 | AC7: =ROUND((AB7+AA7-100)/2,0) -> 73 | AD7: =AC7-AB7 -> 2 | AE7: Wikidata P2048 và hồ sơ CLB/giải đấu; có thể hiệu chỉnh
M8: =$A28 -> CRO | N8: =IFERROR((SUMIF($B$9:$F$9,$M8,$B$10:$F$10)*INDEX($E$24:$J$33,MATCH(N$3,$D$24:$D$33,0),MATCH($A$10,$E$23:$J$23,0))+SUMIF($B$11:$F$11,$M8,$B$12:$F$12)*INDEX($E$24:$J$33,MATCH(N$3,$D$24:$D$33,0),MATCH($A$12,$E$23:$J$23,0))+SUMIF($B$13:$F$13,$M8,$B$14:$F$14)*INDEX($E$24:$J$33,MATCH(N$3,$D$24:$D$33,0),MATCH($A$14,$E$23:$J$23,0))+SUMIF($B$15:$F$15,$M8,$B$16:$F$16)*INDEX($E$24:$J$33,MATCH(N$3,$D$24:$D$33,0),MATCH($A$16,$E$23:$J$23,0))+SUMIF($B$17:$F$17,$M8,$B$18:$F$18)*INDEX($E$24:$J$33,MATCH(N$3,$D$24:$D$33,0),MATCH($A$18,$E$23:$J$23,0))+SUMIF($B$19:$F$19,$M8,$B$20:$F$20)*INDEX($E$24:$J$33,MATCH(N$3,$D$24:$D$33,0),MATCH($A$20,$E$23:$J$23,0)))/250,0) -> 0.048 | O8: =IFERROR((SUMIF($B$9:$F$9,$M8,$B$10:$F$10)*INDEX($E$24:$J$33,MATCH(O$3,$D$24:$D$33,0),MATCH($A$10,$E$23:$J$23,0))+SUMIF($B$11:$F$11,$M8,$B$12:$F$12)*INDEX($E$24:$J$33,MATCH(O$3,$D$24:$D$33,0),MATCH($A$12,$E$23:$J$23,0))+SUMIF($B$13:$F$13,$M8,$B$14:$F$14)*INDEX($E$24:$J$33,MATCH(O$3,$D$24:$D$33,0),MATCH($A$14,$E$23:$J$23,0))+SUMIF($B$15:$F$15,$M8,$B$16:$F$16)*INDEX($E$24:$J$33,MATCH(O$3,$D$24:$D$33,0),MATCH($A$16,$E$23:$J$23,0))+SUMIF($B$17:$F$17,$M8,$B$18:$F$18)*INDEX($E$24:$J$33,MATCH(O$3,$D$24:$D$33,0),MATCH($A$18,$E$23:$J$23,0))+SUMIF($B$19:$F$19,$M8,$B$20:$F$20)*INDEX($E$24:$J$33,MATCH(O$3,$D$24:$D$33,0),MATCH($A$20,$E$23:$J$23,0)))/250,0) -> 0.036 | P8: =IFERROR((SUMIF($B$9:$F$9,$M8,$B$10:$F$10)*INDEX($E$24:$J$33,MATCH(P$3,$D$24:$D$33,0),MATCH($A$10,$E$23:$J$23,0))+SUMIF($B$11:$F$11,$M8,$B$12:$F$12)*INDEX($E$24:$J$33,MATCH(P$3,$D$24:$D$33,0),MATCH($A$12,$E$23:$J$23,0))+SUMIF($B$13:$F$13,$M8,$B$14:$F$14)*INDEX($E$24:$J$33,MATCH(P$3,$D$24:$D$33,0),MATCH($A$14,$E$23:$J$23,0))+SUMIF($B$15:$F$15,$M8,$B$16:$F$16)*INDEX($E$24:$J$33,MATCH(P$3,$D$24:$D$33,0),MATCH($A$16,$E$23:$J$23,0))+SUMIF($B$17:$F$17,$M8,$B$18:$F$18)*INDEX($E$24:$J$33,MATCH(P$3,$D$24:$D$33,0),MATCH($A$18,$E$23:$J$23,0))+SUMIF($B$19:$F$19,$M8,$B$20:$F$20)*INDEX($E$24:$J$33,MATCH(P$3,$D$24:$D$33,0),MATCH($A$20,$E$23:$J$23,0)))/250,0) -> 0.036 | Q8: =IFERROR((SUMIF($B$9:$F$9,$M8,$B$10:$F$10)*INDEX($E$24:$J$33,MATCH(Q$3,$D$24:$D$33,0),MATCH($A$10,$E$23:$J$23,0))+SUMIF($B$11:$F$11,$M8,$B$12:$F$12)*INDEX($E$24:$J$33,MATCH(Q$3,$D$24:$D$33,0),MATCH($A$12,$E$23:$J$23,0))+SUMIF($B$13:$F$13,$M8,$B$14:$F$14)*INDEX($E$24:$J$33,MATCH(Q$3,$D$24:$D$33,0),MATCH($A$14,$E$23:$J$23,0))+SUMIF($B$15:$F$15,$M8,$B$16:$F$16)*INDEX($E$24:$J$33,MATCH(Q$3,$D$24:$D$33,0),MATCH($A$16,$E$23:$J$23,0))+SUMIF($B$17:$F$17,$M8,$B$18:$F$18)*INDEX($E$24:$J$33,MATCH(Q$3,$D$24:$D$33,0),MATCH($A$18,$E$23:$J$23,0))+SUMIF($B$19:$F$19,$M8,$B$20:$F$20)*INDEX($E$24:$J$33,MATCH(Q$3,$D$24:$D$33,0),MATCH($A$20,$E$23:$J$23,0)))/250,0) -> 0.024 | R8: =IFERROR((SUMIF($B$9:$F$9,$M8,$B$10:$F$10)*INDEX($E$24:$J$33,MATCH(R$3,$D$24:$D$33,0),MATCH($A$10,$E$23:$J$23,0))+SUMIF($B$11:$F$11,$M8,$B$12:$F$12)*INDEX($E$24:$J$33,MATCH(R$3,$D$24:$D$33,0),MATCH($A$12,$E$23:$J$23,0))+SUMIF($B$13:$F$13,$M8,$B$14:$F$14)*INDEX($E$24:$J$33,MATCH(R$3,$D$24:$D$33,0),MATCH($A$14,$E$23:$J$23,0))+SUMIF($B$15:$F$15,$M8,$B$16:$F$16)*INDEX($E$24:$J$33,MATCH(R$3,$D$24:$D$33,0),MATCH($A$16,$E$23:$J$23,0))+SUMIF($B$17:$F$17,$M8,$B$18:$F$18)*INDEX($E$24:$J$33,MATCH(R$3,$D$24:$D$33,0),MATCH($A$18,$E$23:$J$23,0))+SUMIF($B$19:$F$19,$M8,$B$20:$F$20)*INDEX($E$24:$J$33,MATCH(R$3,$D$24:$D$33,0),MATCH($A$20,$E$23:$J$23,0)))/250,0) -> 0.018 | S8: =IFERROR((SUMIF($B$9:$F$9,$M8,$B$10:$F$10)*INDEX($E$24:$J$33,MATCH(S$3,$D$24:$D$33,0),MATCH($A$10,$E$23:$J$23,0))+SUMIF($B$11:$F$11,$M8,$B$12:$F$12)*INDEX($E$24:$J$33,MATCH(S$3,$D$24:$D$33,0),MATCH($A$12,$E$23:$J$23,0))+SUMIF($B$13:$F$13,$M8,$B$14:$F$14)*INDEX($E$24:$J$33,MATCH(S$3,$D$24:$D$33,0),MATCH($A$14,$E$23:$J$23,0))+SUMIF($B$15:$F$15,$M8,$B$16:$F$16)*INDEX($E$24:$J$33,MATCH(S$3,$D$24:$D$33,0),MATCH($A$16,$E$23:$J$23,0))+SUMIF($B$17:$F$17,$M8,$B$18:$F$18)*INDEX($E$24:$J$33,MATCH(S$3,$D$24:$D$33,0),MATCH($A$18,$E$23:$J$23,0))+SUMIF($B$19:$F$19,$M8,$B$20:$F$20)*INDEX($E$24:$J$33,MATCH(S$3,$D$24:$D$33,0),MATCH($A$20,$E$23:$J$23,0)))/250,0) -> 0.012 | T8: =IFERROR((SUMIF($B$9:$F$9,$M8,$B$10:$F$10)*INDEX($E$24:$J$33,MATCH(T$3,$D$24:$D$33,0),MATCH($A$10,$E$23:$J$23,0))+SUMIF($B$11:$F$11,$M8,$B$12:$F$12)*INDEX($E$24:$J$33,MATCH(T$3,$D$24:$D$33,0),MATCH($A$12,$E$23:$J$23,0))+SUMIF($B$13:$F$13,$M8,$B$14:$F$14)*INDEX($E$24:$J$33,MATCH(T$3,$D$24:$D$33,0),MATCH($A$14,$E$23:$J$23,0))+SUMIF($B$15:$F$15,$M8,$B$16:$F$16)*INDEX($E$24:$J$33,MATCH(T$3,$D$24:$D$33,0),MATCH($A$16,$E$23:$J$23,0))+SUMIF($B$17:$F$17,$M8,$B$18:$F$18)*INDEX($E$24:$J$33,MATCH(T$3,$D$24:$D$33,0),MATCH($A$18,$E$23:$J$23,0))+SUMIF($B$19:$F$19,$M8,$B$20:$F$20)*INDEX($E$24:$J$33,MATCH(T$3,$D$24:$D$33,0),MATCH($A$20,$E$23:$J$23,0)))/250,0) -> 0.006 | U8: =IFERROR((SUMIF($B$9:$F$9,$M8,$B$10:$F$10)*INDEX($E$24:$J$33,MATCH(U$3,$D$24:$D$33,0),MATCH($A$10,$E$23:$J$23,0))+SUMIF($B$11:$F$11,$M8,$B$12:$F$12)*INDEX($E$24:$J$33,MATCH(U$3,$D$24:$D$33,0),MATCH($A$12,$E$23:$J$23,0))+SUMIF($B$13:$F$13,$M8,$B$14:$F$14)*INDEX($E$24:$J$33,MATCH(U$3,$D$24:$D$33,0),MATCH($A$14,$E$23:$J$23,0))+SUMIF($B$15:$F$15,$M8,$B$16:$F$16)*INDEX($E$24:$J$33,MATCH(U$3,$D$24:$D$33,0),MATCH($A$16,$E$23:$J$23,0))+SUMIF($B$17:$F$17,$M8,$B$18:$F$18)*INDEX($E$24:$J$33,MATCH(U$3,$D$24:$D$33,0),MATCH($A$18,$E$23:$J$23,0))+SUMIF($B$19:$F$19,$M8,$B$20:$F$20)*INDEX($E$24:$J$33,MATCH(U$3,$D$24:$D$33,0),MATCH($A$20,$E$23:$J$23,0)))/250,0) -> 0.012 | ... W8: =IFERROR((SUMIF($B$9:$F$9,$M8,$B$10:$F$10)*INDEX($E$24:$J$33,MATCH(W$3,$D$24:$D$33,0),MATCH($A$10,$E$23:$J$23,0))+SUMIF($B$11:$F$11,$M8,$B$12:$F$12)*INDEX($E$24:$J$33,MATCH(W$3,$D$24:$D$33,0),MATCH($A$12,$E$23:$J$23,0))+SUMIF($B$13:$F$13,$M8,$B$14:$F$14)*INDEX($E$24:$J$33,MATCH(W$3,$D$24:$D$33,0),MATCH($A$14,$E$23:$J$23,0))+SUMIF($B$15:$F$15,$M8,$B$16:$F$16)*INDEX($E$24:$J$33,MATCH(W$3,$D$24:$D$33,0),MATCH($A$16,$E$23:$J$23,0))+SUMIF($B$17:$F$17,$M8,$B$18:$F$18)*INDEX($E$24:$J$33,MATCH(W$3,$D$24:$D$33,0),MATCH($A$18,$E$23:$J$23,0))+SUMIF($B$19:$F$19,$M8,$B$20:$F$20)*INDEX($E$24:$J$33,MATCH(W$3,$D$24:$D$33,0),MATCH($A$20,$E$23:$J$23,0)))/250,0) -> 0.006 | Y8: Hazard Icon | Z8: EDEN HAZARD | AA8: 175 | AB8: 66 | AC8: =ROUND((AB8+AA8-100)/2,0) -> 71 | AD8: =AC8-AB8 -> 5 | AE8: Wikidata P2048 và hồ sơ CLB/giải đấu; có thể hiệu chỉnh
B9: FIN | C9: LSH | D9: POS | E9: HEA | F9: CRO | G9: ovr | M9: =$A29 -> SPA | N9: =IFERROR((SUMIF($B$9:$F$9,$M9,$B$10:$F$10)*INDEX($E$24:$J$33,MATCH(N$3,$D$24:$D$33,0),MATCH($A$10,$E$23:$J$23,0))+SUMIF($B$11:$F$11,$M9,$B$12:$F$12)*INDEX($E$24:$J$33,MATCH(N$3,$D$24:$D$33,0),MATCH($A$12,$E$23:$J$23,0))+SUMIF($B$13:$F$13,$M9,$B$14:$F$14)*INDEX($E$24:$J$33,MATCH(N$3,$D$24:$D$33,0),MATCH($A$14,$E$23:$J$23,0))+SUMIF($B$15:$F$15,$M9,$B$16:$F$16)*INDEX($E$24:$J$33,MATCH(N$3,$D$24:$D$33,0),MATCH($A$16,$E$23:$J$23,0))+SUMIF($B$17:$F$17,$M9,$B$18:$F$18)*INDEX($E$24:$J$33,MATCH(N$3,$D$24:$D$33,0),MATCH($A$18,$E$23:$J$23,0))+SUMIF($B$19:$F$19,$M9,$B$20:$F$20)*INDEX($E$24:$J$33,MATCH(N$3,$D$24:$D$33,0),MATCH($A$20,$E$23:$J$23,0)))/250,0) -> 0.048 | O9: =IFERROR((SUMIF($B$9:$F$9,$M9,$B$10:$F$10)*INDEX($E$24:$J$33,MATCH(O$3,$D$24:$D$33,0),MATCH($A$10,$E$23:$J$23,0))+SUMIF($B$11:$F$11,$M9,$B$12:$F$12)*INDEX($E$24:$J$33,MATCH(O$3,$D$24:$D$33,0),MATCH($A$12,$E$23:$J$23,0))+SUMIF($B$13:$F$13,$M9,$B$14:$F$14)*INDEX($E$24:$J$33,MATCH(O$3,$D$24:$D$33,0),MATCH($A$14,$E$23:$J$23,0))+SUMIF($B$15:$F$15,$M9,$B$16:$F$16)*INDEX($E$24:$J$33,MATCH(O$3,$D$24:$D$33,0),MATCH($A$16,$E$23:$J$23,0))+SUMIF($B$17:$F$17,$M9,$B$18:$F$18)*INDEX($E$24:$J$33,MATCH(O$3,$D$24:$D$33,0),MATCH($A$18,$E$23:$J$23,0))+SUMIF($B$19:$F$19,$M9,$B$20:$F$20)*INDEX($E$24:$J$33,MATCH(O$3,$D$24:$D$33,0),MATCH($A$20,$E$23:$J$23,0)))/250,0) -> 0.064 | P9: =IFERROR((SUMIF($B$9:$F$9,$M9,$B$10:$F$10)*INDEX($E$24:$J$33,MATCH(P$3,$D$24:$D$33,0),MATCH($A$10,$E$23:$J$23,0))+SUMIF($B$11:$F$11,$M9,$B$12:$F$12)*INDEX($E$24:$J$33,MATCH(P$3,$D$24:$D$33,0),MATCH($A$12,$E$23:$J$23,0))+SUMIF($B$13:$F$13,$M9,$B$14:$F$14)*INDEX($E$24:$J$33,MATCH(P$3,$D$24:$D$33,0),MATCH($A$14,$E$23:$J$23,0))+SUMIF($B$15:$F$15,$M9,$B$16:$F$16)*INDEX($E$24:$J$33,MATCH(P$3,$D$24:$D$33,0),MATCH($A$16,$E$23:$J$23,0))+SUMIF($B$17:$F$17,$M9,$B$18:$F$18)*INDEX($E$24:$J$33,MATCH(P$3,$D$24:$D$33,0),MATCH($A$18,$E$23:$J$23,0))+SUMIF($B$19:$F$19,$M9,$B$20:$F$20)*INDEX($E$24:$J$33,MATCH(P$3,$D$24:$D$33,0),MATCH($A$20,$E$23:$J$23,0)))/250,0) -> 0.064 | Q9: =IFERROR((SUMIF($B$9:$F$9,$M9,$B$10:$F$10)*INDEX($E$24:$J$33,MATCH(Q$3,$D$24:$D$33,0),MATCH($A$10,$E$23:$J$23,0))+SUMIF($B$11:$F$11,$M9,$B$12:$F$12)*INDEX($E$24:$J$33,MATCH(Q$3,$D$24:$D$33,0),MATCH($A$12,$E$23:$J$23,0))+SUMIF($B$13:$F$13,$M9,$B$14:$F$14)*INDEX($E$24:$J$33,MATCH(Q$3,$D$24:$D$33,0),MATCH($A$14,$E$23:$J$23,0))+SUMIF($B$15:$F$15,$M9,$B$16:$F$16)*INDEX($E$24:$J$33,MATCH(Q$3,$D$24:$D$33,0),MATCH($A$16,$E$23:$J$23,0))+SUMIF($B$17:$F$17,$M9,$B$18:$F$18)*INDEX($E$24:$J$33,MATCH(Q$3,$D$24:$D$33,0),MATCH($A$18,$E$23:$J$23,0))+SUMIF($B$19:$F$19,$M9,$B$20:$F$20)*INDEX($E$24:$J$33,MATCH(Q$3,$D$24:$D$33,0),MATCH($A$20,$E$23:$J$23,0)))/250,0) -> 0.112 | R9: =IFERROR((SUMIF($B$9:$F$9,$M9,$B$10:$F$10)*INDEX($E$24:$J$33,MATCH(R$3,$D$24:$D$33,0),MATCH($A$10,$E$23:$J$23,0))+SUMIF($B$11:$F$11,$M9,$B$12:$F$12)*INDEX($E$24:$J$33,MATCH(R$3,$D$24:$D$33,0),MATCH($A$12,$E$23:$J$23,0))+SUMIF($B$13:$F$13,$M9,$B$14:$F$14)*INDEX($E$24:$J$33,MATCH(R$3,$D$24:$D$33,0),MATCH($A$14,$E$23:$J$23,0))+SUMIF($B$15:$F$15,$M9,$B$16:$F$16)*INDEX($E$24:$J$33,MATCH(R$3,$D$24:$D$33,0),MATCH($A$16,$E$23:$J$23,0))+SUMIF($B$17:$F$17,$M9,$B$18:$F$18)*INDEX($E$24:$J$33,MATCH(R$3,$D$24:$D$33,0),MATCH($A$18,$E$23:$J$23,0))+SUMIF($B$19:$F$19,$M9,$B$20:$F$20)*INDEX($E$24:$J$33,MATCH(R$3,$D$24:$D$33,0),MATCH($A$20,$E$23:$J$23,0)))/250,0) -> 0.064 | S9: =IFERROR((SUMIF($B$9:$F$9,$M9,$B$10:$F$10)*INDEX($E$24:$J$33,MATCH(S$3,$D$24:$D$33,0),MATCH($A$10,$E$23:$J$23,0))+SUMIF($B$11:$F$11,$M9,$B$12:$F$12)*INDEX($E$24:$J$33,MATCH(S$3,$D$24:$D$33,0),MATCH($A$12,$E$23:$J$23,0))+SUMIF($B$13:$F$13,$M9,$B$14:$F$14)*INDEX($E$24:$J$33,MATCH(S$3,$D$24:$D$33,0),MATCH($A$14,$E$23:$J$23,0))+SUMIF($B$15:$F$15,$M9,$B$16:$F$16)*INDEX($E$24:$J$33,MATCH(S$3,$D$24:$D$33,0),MATCH($A$16,$E$23:$J$23,0))+SUMIF($B$17:$F$17,$M9,$B$18:$F$18)*INDEX($E$24:$J$33,MATCH(S$3,$D$24:$D$33,0),MATCH($A$18,$E$23:$J$23,0))+SUMIF($B$19:$F$19,$M9,$B$20:$F$20)*INDEX($E$24:$J$33,MATCH(S$3,$D$24:$D$33,0),MATCH($A$20,$E$23:$J$23,0)))/250,0) -> 0.128 | T9: =IFERROR((SUMIF($B$9:$F$9,$M9,$B$10:$F$10)*INDEX($E$24:$J$33,MATCH(T$3,$D$24:$D$33,0),MATCH($A$10,$E$23:$J$23,0))+SUMIF($B$11:$F$11,$M9,$B$12:$F$12)*INDEX($E$24:$J$33,MATCH(T$3,$D$24:$D$33,0),MATCH($A$12,$E$23:$J$23,0))+SUMIF($B$13:$F$13,$M9,$B$14:$F$14)*INDEX($E$24:$J$33,MATCH(T$3,$D$24:$D$33,0),MATCH($A$14,$E$23:$J$23,0))+SUMIF($B$15:$F$15,$M9,$B$16:$F$16)*INDEX($E$24:$J$33,MATCH(T$3,$D$24:$D$33,0),MATCH($A$16,$E$23:$J$23,0))+SUMIF($B$17:$F$17,$M9,$B$18:$F$18)*INDEX($E$24:$J$33,MATCH(T$3,$D$24:$D$33,0),MATCH($A$18,$E$23:$J$23,0))+SUMIF($B$19:$F$19,$M9,$B$20:$F$20)*INDEX($E$24:$J$33,MATCH(T$3,$D$24:$D$33,0),MATCH($A$20,$E$23:$J$23,0)))/250,0) -> 0.112 | U9: =IFERROR((SUMIF($B$9:$F$9,$M9,$B$10:$F$10)*INDEX($E$24:$J$33,MATCH(U$3,$D$24:$D$33,0),MATCH($A$10,$E$23:$J$23,0))+SUMIF($B$11:$F$11,$M9,$B$12:$F$12)*INDEX($E$24:$J$33,MATCH(U$3,$D$24:$D$33,0),MATCH($A$12,$E$23:$J$23,0))+SUMIF($B$13:$F$13,$M9,$B$14:$F$14)*INDEX($E$24:$J$33,MATCH(U$3,$D$24:$D$33,0),MATCH($A$14,$E$23:$J$23,0))+SUMIF($B$15:$F$15,$M9,$B$16:$F$16)*INDEX($E$24:$J$33,MATCH(U$3,$D$24:$D$33,0),MATCH($A$16,$E$23:$J$23,0))+SUMIF($B$17:$F$17,$M9,$B$18:$F$18)*INDEX($E$24:$J$33,MATCH(U$3,$D$24:$D$33,0),MATCH($A$18,$E$23:$J$23,0))+SUMIF($B$19:$F$19,$M9,$B$20:$F$20)*INDEX($E$24:$J$33,MATCH(U$3,$D$24:$D$33,0),MATCH($A$20,$E$23:$J$23,0)))/250,0) -> 0.08 | ... W9: =IFERROR((SUMIF($B$9:$F$9,$M9,$B$10:$F$10)*INDEX($E$24:$J$33,MATCH(W$3,$D$24:$D$33,0),MATCH($A$10,$E$23:$J$23,0))+SUMIF($B$11:$F$11,$M9,$B$12:$F$12)*INDEX($E$24:$J$33,MATCH(W$3,$D$24:$D$33,0),MATCH($A$12,$E$23:$J$23,0))+SUMIF($B$13:$F$13,$M9,$B$14:$F$14)*INDEX($E$24:$J$33,MATCH(W$3,$D$24:$D$33,0),MATCH($A$14,$E$23:$J$23,0))+SUMIF($B$15:$F$15,$M9,$B$16:$F$16)*INDEX($E$24:$J$33,MATCH(W$3,$D$24:$D$33,0),MATCH($A$16,$E$23:$J$23,0))+SUMIF($B$17:$F$17,$M9,$B$18:$F$18)*INDEX($E$24:$J$33,MATCH(W$3,$D$24:$D$33,0),MATCH($A$18,$E$23:$J$23,0))+SUMIF($B$19:$F$19,$M9,$B$20:$F$20)*INDEX($E$24:$J$33,MATCH(W$3,$D$24:$D$33,0),MATCH($A$20,$E$23:$J$23,0)))/250,0) -> 0.064 | Y9: Kane | Z9: HARRY KANE | AA9: 188 | AB9: 88 | AC9: =ROUND((AB9+AA9-100)/2,0) -> 88 | AD9: =AC9-AB9 -> 0 | AE9: Wikidata P2048 và hồ sơ CLB/giải đấu; có thể hiệu chỉnh
A10: ATK | B10: 4 | C10: 1 | D10: 2 | E10: 1.5 | F10: 1.5 | G10: =A11 / 10 -> 88.9 | H10: =ROUND(G10,0) -> 89 | M10: =$A30 -> LPA | N10: =IFERROR((SUMIF($B$9:$F$9,$M10,$B$10:$F$10)*INDEX($E$24:$J$33,MATCH(N$3,$D$24:$D$33,0),MATCH($A$10,$E$23:$J$23,0))+SUMIF($B$11:$F$11,$M10,$B$12:$F$12)*INDEX($E$24:$J$33,MATCH(N$3,$D$24:$D$33,0),MATCH($A$12,$E$23:$J$23,0))+SUMIF($B$13:$F$13,$M10,$B$14:$F$14)*INDEX($E$24:$J$33,MATCH(N$3,$D$24:$D$33,0),MATCH($A$14,$E$23:$J$23,0))+SUMIF($B$15:$F$15,$M10,$B$16:$F$16)*INDEX($E$24:$J$33,MATCH(N$3,$D$24:$D$33,0),MATCH($A$16,$E$23:$J$23,0))+SUMIF($B$17:$F$17,$M10,$B$18:$F$18)*INDEX($E$24:$J$33,MATCH(N$3,$D$24:$D$33,0),MATCH($A$18,$E$23:$J$23,0))+SUMIF($B$19:$F$19,$M10,$B$20:$F$20)*INDEX($E$24:$J$33,MATCH(N$3,$D$24:$D$33,0),MATCH($A$20,$E$23:$J$23,0)))/250,0) -> 0.024 | O10: =IFERROR((SUMIF($B$9:$F$9,$M10,$B$10:$F$10)*INDEX($E$24:$J$33,MATCH(O$3,$D$24:$D$33,0),MATCH($A$10,$E$23:$J$23,0))+SUMIF($B$11:$F$11,$M10,$B$12:$F$12)*INDEX($E$24:$J$33,MATCH(O$3,$D$24:$D$33,0),MATCH($A$12,$E$23:$J$23,0))+SUMIF($B$13:$F$13,$M10,$B$14:$F$14)*INDEX($E$24:$J$33,MATCH(O$3,$D$24:$D$33,0),MATCH($A$14,$E$23:$J$23,0))+SUMIF($B$15:$F$15,$M10,$B$16:$F$16)*INDEX($E$24:$J$33,MATCH(O$3,$D$24:$D$33,0),MATCH($A$16,$E$23:$J$23,0))+SUMIF($B$17:$F$17,$M10,$B$18:$F$18)*INDEX($E$24:$J$33,MATCH(O$3,$D$24:$D$33,0),MATCH($A$18,$E$23:$J$23,0))+SUMIF($B$19:$F$19,$M10,$B$20:$F$20)*INDEX($E$24:$J$33,MATCH(O$3,$D$24:$D$33,0),MATCH($A$20,$E$23:$J$23,0)))/250,0) -> 0.032 | P10: =IFERROR((SUMIF($B$9:$F$9,$M10,$B$10:$F$10)*INDEX($E$24:$J$33,MATCH(P$3,$D$24:$D$33,0),MATCH($A$10,$E$23:$J$23,0))+SUMIF($B$11:$F$11,$M10,$B$12:$F$12)*INDEX($E$24:$J$33,MATCH(P$3,$D$24:$D$33,0),MATCH($A$12,$E$23:$J$23,0))+SUMIF($B$13:$F$13,$M10,$B$14:$F$14)*INDEX($E$24:$J$33,MATCH(P$3,$D$24:$D$33,0),MATCH($A$14,$E$23:$J$23,0))+SUMIF($B$15:$F$15,$M10,$B$16:$F$16)*INDEX($E$24:$J$33,MATCH(P$3,$D$24:$D$33,0),MATCH($A$16,$E$23:$J$23,0))+SUMIF($B$17:$F$17,$M10,$B$18:$F$18)*INDEX($E$24:$J$33,MATCH(P$3,$D$24:$D$33,0),MATCH($A$18,$E$23:$J$23,0))+SUMIF($B$19:$F$19,$M10,$B$20:$F$20)*INDEX($E$24:$J$33,MATCH(P$3,$D$24:$D$33,0),MATCH($A$20,$E$23:$J$23,0)))/250,0) -> 0.032 | Q10: =IFERROR((SUMIF($B$9:$F$9,$M10,$B$10:$F$10)*INDEX($E$24:$J$33,MATCH(Q$3,$D$24:$D$33,0),MATCH($A$10,$E$23:$J$23,0))+SUMIF($B$11:$F$11,$M10,$B$12:$F$12)*INDEX($E$24:$J$33,MATCH(Q$3,$D$24:$D$33,0),MATCH($A$12,$E$23:$J$23,0))+SUMIF($B$13:$F$13,$M10,$B$14:$F$14)*INDEX($E$24:$J$33,MATCH(Q$3,$D$24:$D$33,0),MATCH($A$14,$E$23:$J$23,0))+SUMIF($B$15:$F$15,$M10,$B$16:$F$16)*INDEX($E$24:$J$33,MATCH(Q$3,$D$24:$D$33,0),MATCH($A$16,$E$23:$J$23,0))+SUMIF($B$17:$F$17,$M10,$B$18:$F$18)*INDEX($E$24:$J$33,MATCH(Q$3,$D$24:$D$33,0),MATCH($A$18,$E$23:$J$23,0))+SUMIF($B$19:$F$19,$M10,$B$20:$F$20)*INDEX($E$24:$J$33,MATCH(Q$3,$D$24:$D$33,0),MATCH($A$20,$E$23:$J$23,0)))/250,0) -> 0.056 | R10: =IFERROR((SUMIF($B$9:$F$9,$M10,$B$10:$F$10)*INDEX($E$24:$J$33,MATCH(R$3,$D$24:$D$33,0),MATCH($A$10,$E$23:$J$23,0))+SUMIF($B$11:$F$11,$M10,$B$12:$F$12)*INDEX($E$24:$J$33,MATCH(R$3,$D$24:$D$33,0),MATCH($A$12,$E$23:$J$23,0))+SUMIF($B$13:$F$13,$M10,$B$14:$F$14)*INDEX($E$24:$J$33,MATCH(R$3,$D$24:$D$33,0),MATCH($A$14,$E$23:$J$23,0))+SUMIF($B$15:$F$15,$M10,$B$16:$F$16)*INDEX($E$24:$J$33,MATCH(R$3,$D$24:$D$33,0),MATCH($A$16,$E$23:$J$23,0))+SUMIF($B$17:$F$17,$M10,$B$18:$F$18)*INDEX($E$24:$J$33,MATCH(R$3,$D$24:$D$33,0),MATCH($A$18,$E$23:$J$23,0))+SUMIF($B$19:$F$19,$M10,$B$20:$F$20)*INDEX($E$24:$J$33,MATCH(R$3,$D$24:$D$33,0),MATCH($A$20,$E$23:$J$23,0)))/250,0) -> 0.032 | S10: =IFERROR((SUMIF($B$9:$F$9,$M10,$B$10:$F$10)*INDEX($E$24:$J$33,MATCH(S$3,$D$24:$D$33,0),MATCH($A$10,$E$23:$J$23,0))+SUMIF($B$11:$F$11,$M10,$B$12:$F$12)*INDEX($E$24:$J$33,MATCH(S$3,$D$24:$D$33,0),MATCH($A$12,$E$23:$J$23,0))+SUMIF($B$13:$F$13,$M10,$B$14:$F$14)*INDEX($E$24:$J$33,MATCH(S$3,$D$24:$D$33,0),MATCH($A$14,$E$23:$J$23,0))+SUMIF($B$15:$F$15,$M10,$B$16:$F$16)*INDEX($E$24:$J$33,MATCH(S$3,$D$24:$D$33,0),MATCH($A$16,$E$23:$J$23,0))+SUMIF($B$17:$F$17,$M10,$B$18:$F$18)*INDEX($E$24:$J$33,MATCH(S$3,$D$24:$D$33,0),MATCH($A$18,$E$23:$J$23,0))+SUMIF($B$19:$F$19,$M10,$B$20:$F$20)*INDEX($E$24:$J$33,MATCH(S$3,$D$24:$D$33,0),MATCH($A$20,$E$23:$J$23,0)))/250,0) -> 0.064 | T10: =IFERROR((SUMIF($B$9:$F$9,$M10,$B$10:$F$10)*INDEX($E$24:$J$33,MATCH(T$3,$D$24:$D$33,0),MATCH($A$10,$E$23:$J$23,0))+SUMIF($B$11:$F$11,$M10,$B$12:$F$12)*INDEX($E$24:$J$33,MATCH(T$3,$D$24:$D$33,0),MATCH($A$12,$E$23:$J$23,0))+SUMIF($B$13:$F$13,$M10,$B$14:$F$14)*INDEX($E$24:$J$33,MATCH(T$3,$D$24:$D$33,0),MATCH($A$14,$E$23:$J$23,0))+SUMIF($B$15:$F$15,$M10,$B$16:$F$16)*INDEX($E$24:$J$33,MATCH(T$3,$D$24:$D$33,0),MATCH($A$16,$E$23:$J$23,0))+SUMIF($B$17:$F$17,$M10,$B$18:$F$18)*INDEX($E$24:$J$33,MATCH(T$3,$D$24:$D$33,0),MATCH($A$18,$E$23:$J$23,0))+SUMIF($B$19:$F$19,$M10,$B$20:$F$20)*INDEX($E$24:$J$33,MATCH(T$3,$D$24:$D$33,0),MATCH($A$20,$E$23:$J$23,0)))/250,0) -> 0.056 | U10: =IFERROR((SUMIF($B$9:$F$9,$M10,$B$10:$F$10)*INDEX($E$24:$J$33,MATCH(U$3,$D$24:$D$33,0),MATCH($A$10,$E$23:$J$23,0))+SUMIF($B$11:$F$11,$M10,$B$12:$F$12)*INDEX($E$24:$J$33,MATCH(U$3,$D$24:$D$33,0),MATCH($A$12,$E$23:$J$23,0))+SUMIF($B$13:$F$13,$M10,$B$14:$F$14)*INDEX($E$24:$J$33,MATCH(U$3,$D$24:$D$33,0),MATCH($A$14,$E$23:$J$23,0))+SUMIF($B$15:$F$15,$M10,$B$16:$F$16)*INDEX($E$24:$J$33,MATCH(U$3,$D$24:$D$33,0),MATCH($A$16,$E$23:$J$23,0))+SUMIF($B$17:$F$17,$M10,$B$18:$F$18)*INDEX($E$24:$J$33,MATCH(U$3,$D$24:$D$33,0),MATCH($A$18,$E$23:$J$23,0))+SUMIF($B$19:$F$19,$M10,$B$20:$F$20)*INDEX($E$24:$J$33,MATCH(U$3,$D$24:$D$33,0),MATCH($A$20,$E$23:$J$23,0)))/250,0) -> 0.04 | ... W10: =IFERROR((SUMIF($B$9:$F$9,$M10,$B$10:$F$10)*INDEX($E$24:$J$33,MATCH(W$3,$D$24:$D$33,0),MATCH($A$10,$E$23:$J$23,0))+SUMIF($B$11:$F$11,$M10,$B$12:$F$12)*INDEX($E$24:$J$33,MATCH(W$3,$D$24:$D$33,0),MATCH($A$12,$E$23:$J$23,0))+SUMIF($B$13:$F$13,$M10,$B$14:$F$14)*INDEX($E$24:$J$33,MATCH(W$3,$D$24:$D$33,0),MATCH($A$14,$E$23:$J$23,0))+SUMIF($B$15:$F$15,$M10,$B$16:$F$16)*INDEX($E$24:$J$33,MATCH(W$3,$D$24:$D$33,0),MATCH($A$16,$E$23:$J$23,0))+SUMIF($B$17:$F$17,$M10,$B$18:$F$18)*INDEX($E$24:$J$33,MATCH(W$3,$D$24:$D$33,0),MATCH($A$18,$E$23:$J$23,0))+SUMIF($B$19:$F$19,$M10,$B$20:$F$20)*INDEX($E$24:$J$33,MATCH(W$3,$D$24:$D$33,0),MATCH($A$20,$E$23:$J$23,0)))/250,0) -> 0.032 | Y10: Ibrahimovic Icon | Z10: ZLATAN IBRAHIMOVIĆ | AA10: 195 | AB10: 90 | AC10: =ROUND((AB10+AA10-100)/2,0) -> 93 | AD10: =AC10-AB10 -> 3 | AE10: Wikidata P2048 và hồ sơ CLB/giải đấu; có thể hiệu chỉnh
A11: =B24 * B10 + B25 * C10 + B26 * D10 + B27 * E10 + B28 * F10 -> 889 | B11: SPA | C11: LPA | D11: VIS | E11: CON | M11: =$A31 -> VIS | N11: =IFERROR((SUMIF($B$9:$F$9,$M11,$B$10:$F$10)*INDEX($E$24:$J$33,MATCH(N$3,$D$24:$D$33,0),MATCH($A$10,$E$23:$J$23,0))+SUMIF($B$11:$F$11,$M11,$B$12:$F$12)*INDEX($E$24:$J$33,MATCH(N$3,$D$24:$D$33,0),MATCH($A$12,$E$23:$J$23,0))+SUMIF($B$13:$F$13,$M11,$B$14:$F$14)*INDEX($E$24:$J$33,MATCH(N$3,$D$24:$D$33,0),MATCH($A$14,$E$23:$J$23,0))+SUMIF($B$15:$F$15,$M11,$B$16:$F$16)*INDEX($E$24:$J$33,MATCH(N$3,$D$24:$D$33,0),MATCH($A$16,$E$23:$J$23,0))+SUMIF($B$17:$F$17,$M11,$B$18:$F$18)*INDEX($E$24:$J$33,MATCH(N$3,$D$24:$D$33,0),MATCH($A$18,$E$23:$J$23,0))+SUMIF($B$19:$F$19,$M11,$B$20:$F$20)*INDEX($E$24:$J$33,MATCH(N$3,$D$24:$D$33,0),MATCH($A$20,$E$23:$J$23,0)))/250,0) -> 0.056 | O11: =IFERROR((SUMIF($B$9:$F$9,$M11,$B$10:$F$10)*INDEX($E$24:$J$33,MATCH(O$3,$D$24:$D$33,0),MATCH($A$10,$E$23:$J$23,0))+SUMIF($B$11:$F$11,$M11,$B$12:$F$12)*INDEX($E$24:$J$33,MATCH(O$3,$D$24:$D$33,0),MATCH($A$12,$E$23:$J$23,0))+SUMIF($B$13:$F$13,$M11,$B$14:$F$14)*INDEX($E$24:$J$33,MATCH(O$3,$D$24:$D$33,0),MATCH($A$14,$E$23:$J$23,0))+SUMIF($B$15:$F$15,$M11,$B$16:$F$16)*INDEX($E$24:$J$33,MATCH(O$3,$D$24:$D$33,0),MATCH($A$16,$E$23:$J$23,0))+SUMIF($B$17:$F$17,$M11,$B$18:$F$18)*INDEX($E$24:$J$33,MATCH(O$3,$D$24:$D$33,0),MATCH($A$18,$E$23:$J$23,0))+SUMIF($B$19:$F$19,$M11,$B$20:$F$20)*INDEX($E$24:$J$33,MATCH(O$3,$D$24:$D$33,0),MATCH($A$20,$E$23:$J$23,0)))/250,0) -> 0.064 | P11: =IFERROR((SUMIF($B$9:$F$9,$M11,$B$10:$F$10)*INDEX($E$24:$J$33,MATCH(P$3,$D$24:$D$33,0),MATCH($A$10,$E$23:$J$23,0))+SUMIF($B$11:$F$11,$M11,$B$12:$F$12)*INDEX($E$24:$J$33,MATCH(P$3,$D$24:$D$33,0),MATCH($A$12,$E$23:$J$23,0))+SUMIF($B$13:$F$13,$M11,$B$14:$F$14)*INDEX($E$24:$J$33,MATCH(P$3,$D$24:$D$33,0),MATCH($A$14,$E$23:$J$23,0))+SUMIF($B$15:$F$15,$M11,$B$16:$F$16)*INDEX($E$24:$J$33,MATCH(P$3,$D$24:$D$33,0),MATCH($A$16,$E$23:$J$23,0))+SUMIF($B$17:$F$17,$M11,$B$18:$F$18)*INDEX($E$24:$J$33,MATCH(P$3,$D$24:$D$33,0),MATCH($A$18,$E$23:$J$23,0))+SUMIF($B$19:$F$19,$M11,$B$20:$F$20)*INDEX($E$24:$J$33,MATCH(P$3,$D$24:$D$33,0),MATCH($A$20,$E$23:$J$23,0)))/250,0) -> 0.068 | Q11: =IFERROR((SUMIF($B$9:$F$9,$M11,$B$10:$F$10)*INDEX($E$24:$J$33,MATCH(Q$3,$D$24:$D$33,0),MATCH($A$10,$E$23:$J$23,0))+SUMIF($B$11:$F$11,$M11,$B$12:$F$12)*INDEX($E$24:$J$33,MATCH(Q$3,$D$24:$D$33,0),MATCH($A$12,$E$23:$J$23,0))+SUMIF($B$13:$F$13,$M11,$B$14:$F$14)*INDEX($E$24:$J$33,MATCH(Q$3,$D$24:$D$33,0),MATCH($A$14,$E$23:$J$23,0))+SUMIF($B$15:$F$15,$M11,$B$16:$F$16)*INDEX($E$24:$J$33,MATCH(Q$3,$D$24:$D$33,0),MATCH($A$16,$E$23:$J$23,0))+SUMIF($B$17:$F$17,$M11,$B$18:$F$18)*INDEX($E$24:$J$33,MATCH(Q$3,$D$24:$D$33,0),MATCH($A$18,$E$23:$J$23,0))+SUMIF($B$19:$F$19,$M11,$B$20:$F$20)*INDEX($E$24:$J$33,MATCH(Q$3,$D$24:$D$33,0),MATCH($A$20,$E$23:$J$23,0)))/250,0) -> 0.076 | R11: =IFERROR((SUMIF($B$9:$F$9,$M11,$B$10:$F$10)*INDEX($E$24:$J$33,MATCH(R$3,$D$24:$D$33,0),MATCH($A$10,$E$23:$J$23,0))+SUMIF($B$11:$F$11,$M11,$B$12:$F$12)*INDEX($E$24:$J$33,MATCH(R$3,$D$24:$D$33,0),MATCH($A$12,$E$23:$J$23,0))+SUMIF($B$13:$F$13,$M11,$B$14:$F$14)*INDEX($E$24:$J$33,MATCH(R$3,$D$24:$D$33,0),MATCH($A$14,$E$23:$J$23,0))+SUMIF($B$15:$F$15,$M11,$B$16:$F$16)*INDEX($E$24:$J$33,MATCH(R$3,$D$24:$D$33,0),MATCH($A$16,$E$23:$J$23,0))+SUMIF($B$17:$F$17,$M11,$B$18:$F$18)*INDEX($E$24:$J$33,MATCH(R$3,$D$24:$D$33,0),MATCH($A$18,$E$23:$J$23,0))+SUMIF($B$19:$F$19,$M11,$B$20:$F$20)*INDEX($E$24:$J$33,MATCH(R$3,$D$24:$D$33,0),MATCH($A$20,$E$23:$J$23,0)))/250,0) -> 0.068 | S11: =IFERROR((SUMIF($B$9:$F$9,$M11,$B$10:$F$10)*INDEX($E$24:$J$33,MATCH(S$3,$D$24:$D$33,0),MATCH($A$10,$E$23:$J$23,0))+SUMIF($B$11:$F$11,$M11,$B$12:$F$12)*INDEX($E$24:$J$33,MATCH(S$3,$D$24:$D$33,0),MATCH($A$12,$E$23:$J$23,0))+SUMIF($B$13:$F$13,$M11,$B$14:$F$14)*INDEX($E$24:$J$33,MATCH(S$3,$D$24:$D$33,0),MATCH($A$14,$E$23:$J$23,0))+SUMIF($B$15:$F$15,$M11,$B$16:$F$16)*INDEX($E$24:$J$33,MATCH(S$3,$D$24:$D$33,0),MATCH($A$16,$E$23:$J$23,0))+SUMIF($B$17:$F$17,$M11,$B$18:$F$18)*INDEX($E$24:$J$33,MATCH(S$3,$D$24:$D$33,0),MATCH($A$18,$E$23:$J$23,0))+SUMIF($B$19:$F$19,$M11,$B$20:$F$20)*INDEX($E$24:$J$33,MATCH(S$3,$D$24:$D$33,0),MATCH($A$20,$E$23:$J$23,0)))/250,0) -> 0.068 | T11: =IFERROR((SUMIF($B$9:$F$9,$M11,$B$10:$F$10)*INDEX($E$24:$J$33,MATCH(T$3,$D$24:$D$33,0),MATCH($A$10,$E$23:$J$23,0))+SUMIF($B$11:$F$11,$M11,$B$12:$F$12)*INDEX($E$24:$J$33,MATCH(T$3,$D$24:$D$33,0),MATCH($A$12,$E$23:$J$23,0))+SUMIF($B$13:$F$13,$M11,$B$14:$F$14)*INDEX($E$24:$J$33,MATCH(T$3,$D$24:$D$33,0),MATCH($A$14,$E$23:$J$23,0))+SUMIF($B$15:$F$15,$M11,$B$16:$F$16)*INDEX($E$24:$J$33,MATCH(T$3,$D$24:$D$33,0),MATCH($A$16,$E$23:$J$23,0))+SUMIF($B$17:$F$17,$M11,$B$18:$F$18)*INDEX($E$24:$J$33,MATCH(T$3,$D$24:$D$33,0),MATCH($A$18,$E$23:$J$23,0))+SUMIF($B$19:$F$19,$M11,$B$20:$F$20)*INDEX($E$24:$J$33,MATCH(T$3,$D$24:$D$33,0),MATCH($A$20,$E$23:$J$23,0)))/250,0) -> 0.06 | U11: =IFERROR((SUMIF($B$9:$F$9,$M11,$B$10:$F$10)*INDEX($E$24:$J$33,MATCH(U$3,$D$24:$D$33,0),MATCH($A$10,$E$23:$J$23,0))+SUMIF($B$11:$F$11,$M11,$B$12:$F$12)*INDEX($E$24:$J$33,MATCH(U$3,$D$24:$D$33,0),MATCH($A$12,$E$23:$J$23,0))+SUMIF($B$13:$F$13,$M11,$B$14:$F$14)*INDEX($E$24:$J$33,MATCH(U$3,$D$24:$D$33,0),MATCH($A$14,$E$23:$J$23,0))+SUMIF($B$15:$F$15,$M11,$B$16:$F$16)*INDEX($E$24:$J$33,MATCH(U$3,$D$24:$D$33,0),MATCH($A$16,$E$23:$J$23,0))+SUMIF($B$17:$F$17,$M11,$B$18:$F$18)*INDEX($E$24:$J$33,MATCH(U$3,$D$24:$D$33,0),MATCH($A$18,$E$23:$J$23,0))+SUMIF($B$19:$F$19,$M11,$B$20:$F$20)*INDEX($E$24:$J$33,MATCH(U$3,$D$24:$D$33,0),MATCH($A$20,$E$23:$J$23,0)))/250,0) -> 0.064 | ... W11: =IFERROR((SUMIF($B$9:$F$9,$M11,$B$10:$F$10)*INDEX($E$24:$J$33,MATCH(W$3,$D$24:$D$33,0),MATCH($A$10,$E$23:$J$23,0))+SUMIF($B$11:$F$11,$M11,$B$12:$F$12)*INDEX($E$24:$J$33,MATCH(W$3,$D$24:$D$33,0),MATCH($A$12,$E$23:$J$23,0))+SUMIF($B$13:$F$13,$M11,$B$14:$F$14)*INDEX($E$24:$J$33,MATCH(W$3,$D$24:$D$33,0),MATCH($A$14,$E$23:$J$23,0))+SUMIF($B$15:$F$15,$M11,$B$16:$F$16)*INDEX($E$24:$J$33,MATCH(W$3,$D$24:$D$33,0),MATCH($A$16,$E$23:$J$23,0))+SUMIF($B$17:$F$17,$M11,$B$18:$F$18)*INDEX($E$24:$J$33,MATCH(W$3,$D$24:$D$33,0),MATCH($A$18,$E$23:$J$23,0))+SUMIF($B$19:$F$19,$M11,$B$20:$F$20)*INDEX($E$24:$J$33,MATCH(W$3,$D$24:$D$33,0),MATCH($A$20,$E$23:$J$23,0)))/250,0) -> 0.044 | Y11: Son Icon | Z11: SON HEUNG-MIN | AA11: 183 | AB11: 70 | AC11: =ROUND((AB11+AA11-100)/2,0) -> 77 | AD11: =AC11-AB11 -> 7 | AE11: Wikidata P2048 và hồ sơ CLB/giải đấu; có thể hiệu chỉnh
A12: DIS | B12: 4 | C12: 2 | D12: 1 | E12: 3 | G12: =A13 / 10 -> 89 | H12: =ROUND(G12,0) -> 89 | M12: =$A32 -> CON | N12: =IFERROR((SUMIF($B$9:$F$9,$M12,$B$10:$F$10)*INDEX($E$24:$J$33,MATCH(N$3,$D$24:$D$33,0),MATCH($A$10,$E$23:$J$23,0))+SUMIF($B$11:$F$11,$M12,$B$12:$F$12)*INDEX($E$24:$J$33,MATCH(N$3,$D$24:$D$33,0),MATCH($A$12,$E$23:$J$23,0))+SUMIF($B$13:$F$13,$M12,$B$14:$F$14)*INDEX($E$24:$J$33,MATCH(N$3,$D$24:$D$33,0),MATCH($A$14,$E$23:$J$23,0))+SUMIF($B$15:$F$15,$M12,$B$16:$F$16)*INDEX($E$24:$J$33,MATCH(N$3,$D$24:$D$33,0),MATCH($A$16,$E$23:$J$23,0))+SUMIF($B$17:$F$17,$M12,$B$18:$F$18)*INDEX($E$24:$J$33,MATCH(N$3,$D$24:$D$33,0),MATCH($A$18,$E$23:$J$23,0))+SUMIF($B$19:$F$19,$M12,$B$20:$F$20)*INDEX($E$24:$J$33,MATCH(N$3,$D$24:$D$33,0),MATCH($A$20,$E$23:$J$23,0)))/250,0) -> 0.056 | O12: =IFERROR((SUMIF($B$9:$F$9,$M12,$B$10:$F$10)*INDEX($E$24:$J$33,MATCH(O$3,$D$24:$D$33,0),MATCH($A$10,$E$23:$J$23,0))+SUMIF($B$11:$F$11,$M12,$B$12:$F$12)*INDEX($E$24:$J$33,MATCH(O$3,$D$24:$D$33,0),MATCH($A$12,$E$23:$J$23,0))+SUMIF($B$13:$F$13,$M12,$B$14:$F$14)*INDEX($E$24:$J$33,MATCH(O$3,$D$24:$D$33,0),MATCH($A$14,$E$23:$J$23,0))+SUMIF($B$15:$F$15,$M12,$B$16:$F$16)*INDEX($E$24:$J$33,MATCH(O$3,$D$24:$D$33,0),MATCH($A$16,$E$23:$J$23,0))+SUMIF($B$17:$F$17,$M12,$B$18:$F$18)*INDEX($E$24:$J$33,MATCH(O$3,$D$24:$D$33,0),MATCH($A$18,$E$23:$J$23,0))+SUMIF($B$19:$F$19,$M12,$B$20:$F$20)*INDEX($E$24:$J$33,MATCH(O$3,$D$24:$D$33,0),MATCH($A$20,$E$23:$J$23,0)))/250,0) -> 0.072 | P12: =IFERROR((SUMIF($B$9:$F$9,$M12,$B$10:$F$10)*INDEX($E$24:$J$33,MATCH(P$3,$D$24:$D$33,0),MATCH($A$10,$E$23:$J$23,0))+SUMIF($B$11:$F$11,$M12,$B$12:$F$12)*INDEX($E$24:$J$33,MATCH(P$3,$D$24:$D$33,0),MATCH($A$12,$E$23:$J$23,0))+SUMIF($B$13:$F$13,$M12,$B$14:$F$14)*INDEX($E$24:$J$33,MATCH(P$3,$D$24:$D$33,0),MATCH($A$14,$E$23:$J$23,0))+SUMIF($B$15:$F$15,$M12,$B$16:$F$16)*INDEX($E$24:$J$33,MATCH(P$3,$D$24:$D$33,0),MATCH($A$16,$E$23:$J$23,0))+SUMIF($B$17:$F$17,$M12,$B$18:$F$18)*INDEX($E$24:$J$33,MATCH(P$3,$D$24:$D$33,0),MATCH($A$18,$E$23:$J$23,0))+SUMIF($B$19:$F$19,$M12,$B$20:$F$20)*INDEX($E$24:$J$33,MATCH(P$3,$D$24:$D$33,0),MATCH($A$20,$E$23:$J$23,0)))/250,0) -> 0.076 | Q12: =IFERROR((SUMIF($B$9:$F$9,$M12,$B$10:$F$10)*INDEX($E$24:$J$33,MATCH(Q$3,$D$24:$D$33,0),MATCH($A$10,$E$23:$J$23,0))+SUMIF($B$11:$F$11,$M12,$B$12:$F$12)*INDEX($E$24:$J$33,MATCH(Q$3,$D$24:$D$33,0),MATCH($A$12,$E$23:$J$23,0))+SUMIF($B$13:$F$13,$M12,$B$14:$F$14)*INDEX($E$24:$J$33,MATCH(Q$3,$D$24:$D$33,0),MATCH($A$14,$E$23:$J$23,0))+SUMIF($B$15:$F$15,$M12,$B$16:$F$16)*INDEX($E$24:$J$33,MATCH(Q$3,$D$24:$D$33,0),MATCH($A$16,$E$23:$J$23,0))+SUMIF($B$17:$F$17,$M12,$B$18:$F$18)*INDEX($E$24:$J$33,MATCH(Q$3,$D$24:$D$33,0),MATCH($A$18,$E$23:$J$23,0))+SUMIF($B$19:$F$19,$M12,$B$20:$F$20)*INDEX($E$24:$J$33,MATCH(Q$3,$D$24:$D$33,0),MATCH($A$20,$E$23:$J$23,0)))/250,0) -> 0.108 | R12: =IFERROR((SUMIF($B$9:$F$9,$M12,$B$10:$F$10)*INDEX($E$24:$J$33,MATCH(R$3,$D$24:$D$33,0),MATCH($A$10,$E$23:$J$23,0))+SUMIF($B$11:$F$11,$M12,$B$12:$F$12)*INDEX($E$24:$J$33,MATCH(R$3,$D$24:$D$33,0),MATCH($A$12,$E$23:$J$23,0))+SUMIF($B$13:$F$13,$M12,$B$14:$F$14)*INDEX($E$24:$J$33,MATCH(R$3,$D$24:$D$33,0),MATCH($A$14,$E$23:$J$23,0))+SUMIF($B$15:$F$15,$M12,$B$16:$F$16)*INDEX($E$24:$J$33,MATCH(R$3,$D$24:$D$33,0),MATCH($A$16,$E$23:$J$23,0))+SUMIF($B$17:$F$17,$M12,$B$18:$F$18)*INDEX($E$24:$J$33,MATCH(R$3,$D$24:$D$33,0),MATCH($A$18,$E$23:$J$23,0))+SUMIF($B$19:$F$19,$M12,$B$20:$F$20)*INDEX($E$24:$J$33,MATCH(R$3,$D$24:$D$33,0),MATCH($A$20,$E$23:$J$23,0)))/250,0) -> 0.076 | S12: =IFERROR((SUMIF($B$9:$F$9,$M12,$B$10:$F$10)*INDEX($E$24:$J$33,MATCH(S$3,$D$24:$D$33,0),MATCH($A$10,$E$23:$J$23,0))+SUMIF($B$11:$F$11,$M12,$B$12:$F$12)*INDEX($E$24:$J$33,MATCH(S$3,$D$24:$D$33,0),MATCH($A$12,$E$23:$J$23,0))+SUMIF($B$13:$F$13,$M12,$B$14:$F$14)*INDEX($E$24:$J$33,MATCH(S$3,$D$24:$D$33,0),MATCH($A$14,$E$23:$J$23,0))+SUMIF($B$15:$F$15,$M12,$B$16:$F$16)*INDEX($E$24:$J$33,MATCH(S$3,$D$24:$D$33,0),MATCH($A$16,$E$23:$J$23,0))+SUMIF($B$17:$F$17,$M12,$B$18:$F$18)*INDEX($E$24:$J$33,MATCH(S$3,$D$24:$D$33,0),MATCH($A$18,$E$23:$J$23,0))+SUMIF($B$19:$F$19,$M12,$B$20:$F$20)*INDEX($E$24:$J$33,MATCH(S$3,$D$24:$D$33,0),MATCH($A$20,$E$23:$J$23,0)))/250,0) -> 0.108 | T12: =IFERROR((SUMIF($B$9:$F$9,$M12,$B$10:$F$10)*INDEX($E$24:$J$33,MATCH(T$3,$D$24:$D$33,0),MATCH($A$10,$E$23:$J$23,0))+SUMIF($B$11:$F$11,$M12,$B$12:$F$12)*INDEX($E$24:$J$33,MATCH(T$3,$D$24:$D$33,0),MATCH($A$12,$E$23:$J$23,0))+SUMIF($B$13:$F$13,$M12,$B$14:$F$14)*INDEX($E$24:$J$33,MATCH(T$3,$D$24:$D$33,0),MATCH($A$14,$E$23:$J$23,0))+SUMIF($B$15:$F$15,$M12,$B$16:$F$16)*INDEX($E$24:$J$33,MATCH(T$3,$D$24:$D$33,0),MATCH($A$16,$E$23:$J$23,0))+SUMIF($B$17:$F$17,$M12,$B$18:$F$18)*INDEX($E$24:$J$33,MATCH(T$3,$D$24:$D$33,0),MATCH($A$18,$E$23:$J$23,0))+SUMIF($B$19:$F$19,$M12,$B$20:$F$20)*INDEX($E$24:$J$33,MATCH(T$3,$D$24:$D$33,0),MATCH($A$20,$E$23:$J$23,0)))/250,0) -> 0.092 | U12: =IFERROR((SUMIF($B$9:$F$9,$M12,$B$10:$F$10)*INDEX($E$24:$J$33,MATCH(U$3,$D$24:$D$33,0),MATCH($A$10,$E$23:$J$23,0))+SUMIF($B$11:$F$11,$M12,$B$12:$F$12)*INDEX($E$24:$J$33,MATCH(U$3,$D$24:$D$33,0),MATCH($A$12,$E$23:$J$23,0))+SUMIF($B$13:$F$13,$M12,$B$14:$F$14)*INDEX($E$24:$J$33,MATCH(U$3,$D$24:$D$33,0),MATCH($A$14,$E$23:$J$23,0))+SUMIF($B$15:$F$15,$M12,$B$16:$F$16)*INDEX($E$24:$J$33,MATCH(U$3,$D$24:$D$33,0),MATCH($A$16,$E$23:$J$23,0))+SUMIF($B$17:$F$17,$M12,$B$18:$F$18)*INDEX($E$24:$J$33,MATCH(U$3,$D$24:$D$33,0),MATCH($A$18,$E$23:$J$23,0))+SUMIF($B$19:$F$19,$M12,$B$20:$F$20)*INDEX($E$24:$J$33,MATCH(U$3,$D$24:$D$33,0),MATCH($A$20,$E$23:$J$23,0)))/250,0) -> 0.08 | ... W12: =IFERROR((SUMIF($B$9:$F$9,$M12,$B$10:$F$10)*INDEX($E$24:$J$33,MATCH(W$3,$D$24:$D$33,0),MATCH($A$10,$E$23:$J$23,0))+SUMIF($B$11:$F$11,$M12,$B$12:$F$12)*INDEX($E$24:$J$33,MATCH(W$3,$D$24:$D$33,0),MATCH($A$12,$E$23:$J$23,0))+SUMIF($B$13:$F$13,$M12,$B$14:$F$14)*INDEX($E$24:$J$33,MATCH(W$3,$D$24:$D$33,0),MATCH($A$14,$E$23:$J$23,0))+SUMIF($B$15:$F$15,$M12,$B$16:$F$16)*INDEX($E$24:$J$33,MATCH(W$3,$D$24:$D$33,0),MATCH($A$16,$E$23:$J$23,0))+SUMIF($B$17:$F$17,$M12,$B$18:$F$18)*INDEX($E$24:$J$33,MATCH(W$3,$D$24:$D$33,0),MATCH($A$18,$E$23:$J$23,0))+SUMIF($B$19:$F$19,$M12,$B$20:$F$20)*INDEX($E$24:$J$33,MATCH(W$3,$D$24:$D$33,0),MATCH($A$20,$E$23:$J$23,0)))/250,0) -> 0.052 | Y12: Rodri | Z12: RODRI | AA12: 191 | AB12: 83 | AC12: =ROUND((AB12+AA12-100)/2,0) -> 87 | AD12: =AC12-AB12 -> 4 | AE12: Wikidata P2048 và hồ sơ CLB/giải đấu; có thể hiệu chỉnh
A13: =B29 * B12 + B30 * C12 + B31 * D12 + B32 * E12 + B33 * F12 -> 890 | B13: DIR | C13: CON | D13: FLA | E13: VIS | F13: QD | M13: =$A33 -> FLA | N13: =IFERROR((SUMIF($B$9:$F$9,$M13,$B$10:$F$10)*INDEX($E$24:$J$33,MATCH(N$3,$D$24:$D$33,0),MATCH($A$10,$E$23:$J$23,0))+SUMIF($B$11:$F$11,$M13,$B$12:$F$12)*INDEX($E$24:$J$33,MATCH(N$3,$D$24:$D$33,0),MATCH($A$12,$E$23:$J$23,0))+SUMIF($B$13:$F$13,$M13,$B$14:$F$14)*INDEX($E$24:$J$33,MATCH(N$3,$D$24:$D$33,0),MATCH($A$14,$E$23:$J$23,0))+SUMIF($B$15:$F$15,$M13,$B$16:$F$16)*INDEX($E$24:$J$33,MATCH(N$3,$D$24:$D$33,0),MATCH($A$16,$E$23:$J$23,0))+SUMIF($B$17:$F$17,$M13,$B$18:$F$18)*INDEX($E$24:$J$33,MATCH(N$3,$D$24:$D$33,0),MATCH($A$18,$E$23:$J$23,0))+SUMIF($B$19:$F$19,$M13,$B$20:$F$20)*INDEX($E$24:$J$33,MATCH(N$3,$D$24:$D$33,0),MATCH($A$20,$E$23:$J$23,0)))/250,0) -> 0.04 | O13: =IFERROR((SUMIF($B$9:$F$9,$M13,$B$10:$F$10)*INDEX($E$24:$J$33,MATCH(O$3,$D$24:$D$33,0),MATCH($A$10,$E$23:$J$23,0))+SUMIF($B$11:$F$11,$M13,$B$12:$F$12)*INDEX($E$24:$J$33,MATCH(O$3,$D$24:$D$33,0),MATCH($A$12,$E$23:$J$23,0))+SUMIF($B$13:$F$13,$M13,$B$14:$F$14)*INDEX($E$24:$J$33,MATCH(O$3,$D$24:$D$33,0),MATCH($A$14,$E$23:$J$23,0))+SUMIF($B$15:$F$15,$M13,$B$16:$F$16)*INDEX($E$24:$J$33,MATCH(O$3,$D$24:$D$33,0),MATCH($A$16,$E$23:$J$23,0))+SUMIF($B$17:$F$17,$M13,$B$18:$F$18)*INDEX($E$24:$J$33,MATCH(O$3,$D$24:$D$33,0),MATCH($A$18,$E$23:$J$23,0))+SUMIF($B$19:$F$19,$M13,$B$20:$F$20)*INDEX($E$24:$J$33,MATCH(O$3,$D$24:$D$33,0),MATCH($A$20,$E$23:$J$23,0)))/250,0) -> 0.048 | P13: =IFERROR((SUMIF($B$9:$F$9,$M13,$B$10:$F$10)*INDEX($E$24:$J$33,MATCH(P$3,$D$24:$D$33,0),MATCH($A$10,$E$23:$J$23,0))+SUMIF($B$11:$F$11,$M13,$B$12:$F$12)*INDEX($E$24:$J$33,MATCH(P$3,$D$24:$D$33,0),MATCH($A$12,$E$23:$J$23,0))+SUMIF($B$13:$F$13,$M13,$B$14:$F$14)*INDEX($E$24:$J$33,MATCH(P$3,$D$24:$D$33,0),MATCH($A$14,$E$23:$J$23,0))+SUMIF($B$15:$F$15,$M13,$B$16:$F$16)*INDEX($E$24:$J$33,MATCH(P$3,$D$24:$D$33,0),MATCH($A$16,$E$23:$J$23,0))+SUMIF($B$17:$F$17,$M13,$B$18:$F$18)*INDEX($E$24:$J$33,MATCH(P$3,$D$24:$D$33,0),MATCH($A$18,$E$23:$J$23,0))+SUMIF($B$19:$F$19,$M13,$B$20:$F$20)*INDEX($E$24:$J$33,MATCH(P$3,$D$24:$D$33,0),MATCH($A$20,$E$23:$J$23,0)))/250,0) -> 0.056 | Q13: =IFERROR((SUMIF($B$9:$F$9,$M13,$B$10:$F$10)*INDEX($E$24:$J$33,MATCH(Q$3,$D$24:$D$33,0),MATCH($A$10,$E$23:$J$23,0))+SUMIF($B$11:$F$11,$M13,$B$12:$F$12)*INDEX($E$24:$J$33,MATCH(Q$3,$D$24:$D$33,0),MATCH($A$12,$E$23:$J$23,0))+SUMIF($B$13:$F$13,$M13,$B$14:$F$14)*INDEX($E$24:$J$33,MATCH(Q$3,$D$24:$D$33,0),MATCH($A$14,$E$23:$J$23,0))+SUMIF($B$15:$F$15,$M13,$B$16:$F$16)*INDEX($E$24:$J$33,MATCH(Q$3,$D$24:$D$33,0),MATCH($A$16,$E$23:$J$23,0))+SUMIF($B$17:$F$17,$M13,$B$18:$F$18)*INDEX($E$24:$J$33,MATCH(Q$3,$D$24:$D$33,0),MATCH($A$18,$E$23:$J$23,0))+SUMIF($B$19:$F$19,$M13,$B$20:$F$20)*INDEX($E$24:$J$33,MATCH(Q$3,$D$24:$D$33,0),MATCH($A$20,$E$23:$J$23,0)))/250,0) -> 0.048 | R13: =IFERROR((SUMIF($B$9:$F$9,$M13,$B$10:$F$10)*INDEX($E$24:$J$33,MATCH(R$3,$D$24:$D$33,0),MATCH($A$10,$E$23:$J$23,0))+SUMIF($B$11:$F$11,$M13,$B$12:$F$12)*INDEX($E$24:$J$33,MATCH(R$3,$D$24:$D$33,0),MATCH($A$12,$E$23:$J$23,0))+SUMIF($B$13:$F$13,$M13,$B$14:$F$14)*INDEX($E$24:$J$33,MATCH(R$3,$D$24:$D$33,0),MATCH($A$14,$E$23:$J$23,0))+SUMIF($B$15:$F$15,$M13,$B$16:$F$16)*INDEX($E$24:$J$33,MATCH(R$3,$D$24:$D$33,0),MATCH($A$16,$E$23:$J$23,0))+SUMIF($B$17:$F$17,$M13,$B$18:$F$18)*INDEX($E$24:$J$33,MATCH(R$3,$D$24:$D$33,0),MATCH($A$18,$E$23:$J$23,0))+SUMIF($B$19:$F$19,$M13,$B$20:$F$20)*INDEX($E$24:$J$33,MATCH(R$3,$D$24:$D$33,0),MATCH($A$20,$E$23:$J$23,0)))/250,0) -> 0.056 | S13: =IFERROR((SUMIF($B$9:$F$9,$M13,$B$10:$F$10)*INDEX($E$24:$J$33,MATCH(S$3,$D$24:$D$33,0),MATCH($A$10,$E$23:$J$23,0))+SUMIF($B$11:$F$11,$M13,$B$12:$F$12)*INDEX($E$24:$J$33,MATCH(S$3,$D$24:$D$33,0),MATCH($A$12,$E$23:$J$23,0))+SUMIF($B$13:$F$13,$M13,$B$14:$F$14)*INDEX($E$24:$J$33,MATCH(S$3,$D$24:$D$33,0),MATCH($A$14,$E$23:$J$23,0))+SUMIF($B$15:$F$15,$M13,$B$16:$F$16)*INDEX($E$24:$J$33,MATCH(S$3,$D$24:$D$33,0),MATCH($A$16,$E$23:$J$23,0))+SUMIF($B$17:$F$17,$M13,$B$18:$F$18)*INDEX($E$24:$J$33,MATCH(S$3,$D$24:$D$33,0),MATCH($A$18,$E$23:$J$23,0))+SUMIF($B$19:$F$19,$M13,$B$20:$F$20)*INDEX($E$24:$J$33,MATCH(S$3,$D$24:$D$33,0),MATCH($A$20,$E$23:$J$23,0)))/250,0) -> 0.024 | T13: =IFERROR((SUMIF($B$9:$F$9,$M13,$B$10:$F$10)*INDEX($E$24:$J$33,MATCH(T$3,$D$24:$D$33,0),MATCH($A$10,$E$23:$J$23,0))+SUMIF($B$11:$F$11,$M13,$B$12:$F$12)*INDEX($E$24:$J$33,MATCH(T$3,$D$24:$D$33,0),MATCH($A$12,$E$23:$J$23,0))+SUMIF($B$13:$F$13,$M13,$B$14:$F$14)*INDEX($E$24:$J$33,MATCH(T$3,$D$24:$D$33,0),MATCH($A$14,$E$23:$J$23,0))+SUMIF($B$15:$F$15,$M13,$B$16:$F$16)*INDEX($E$24:$J$33,MATCH(T$3,$D$24:$D$33,0),MATCH($A$16,$E$23:$J$23,0))+SUMIF($B$17:$F$17,$M13,$B$18:$F$18)*INDEX($E$24:$J$33,MATCH(T$3,$D$24:$D$33,0),MATCH($A$18,$E$23:$J$23,0))+SUMIF($B$19:$F$19,$M13,$B$20:$F$20)*INDEX($E$24:$J$33,MATCH(T$3,$D$24:$D$33,0),MATCH($A$20,$E$23:$J$23,0)))/250,0) -> 0.016 | U13: =IFERROR((SUMIF($B$9:$F$9,$M13,$B$10:$F$10)*INDEX($E$24:$J$33,MATCH(U$3,$D$24:$D$33,0),MATCH($A$10,$E$23:$J$23,0))+SUMIF($B$11:$F$11,$M13,$B$12:$F$12)*INDEX($E$24:$J$33,MATCH(U$3,$D$24:$D$33,0),MATCH($A$12,$E$23:$J$23,0))+SUMIF($B$13:$F$13,$M13,$B$14:$F$14)*INDEX($E$24:$J$33,MATCH(U$3,$D$24:$D$33,0),MATCH($A$14,$E$23:$J$23,0))+SUMIF($B$15:$F$15,$M13,$B$16:$F$16)*INDEX($E$24:$J$33,MATCH(U$3,$D$24:$D$33,0),MATCH($A$16,$E$23:$J$23,0))+SUMIF($B$17:$F$17,$M13,$B$18:$F$18)*INDEX($E$24:$J$33,MATCH(U$3,$D$24:$D$33,0),MATCH($A$18,$E$23:$J$23,0))+SUMIF($B$19:$F$19,$M13,$B$20:$F$20)*INDEX($E$24:$J$33,MATCH(U$3,$D$24:$D$33,0),MATCH($A$20,$E$23:$J$23,0)))/250,0) -> 0.04 | ... W13: =IFERROR((SUMIF($B$9:$F$9,$M13,$B$10:$F$10)*INDEX($E$24:$J$33,MATCH(W$3,$D$24:$D$33,0),MATCH($A$10,$E$23:$J$23,0))+SUMIF($B$11:$F$11,$M13,$B$12:$F$12)*INDEX($E$24:$J$33,MATCH(W$3,$D$24:$D$33,0),MATCH($A$12,$E$23:$J$23,0))+SUMIF($B$13:$F$13,$M13,$B$14:$F$14)*INDEX($E$24:$J$33,MATCH(W$3,$D$24:$D$33,0),MATCH($A$14,$E$23:$J$23,0))+SUMIF($B$15:$F$15,$M13,$B$16:$F$16)*INDEX($E$24:$J$33,MATCH(W$3,$D$24:$D$33,0),MATCH($A$16,$E$23:$J$23,0))+SUMIF($B$17:$F$17,$M13,$B$18:$F$18)*INDEX($E$24:$J$33,MATCH(W$3,$D$24:$D$33,0),MATCH($A$18,$E$23:$J$23,0))+SUMIF($B$19:$F$19,$M13,$B$20:$F$20)*INDEX($E$24:$J$33,MATCH(W$3,$D$24:$D$33,0),MATCH($A$20,$E$23:$J$23,0)))/250,0) -> 0.008 | Y13: Xavi Icon | Z13: XAVI | AA13: 170 | AB13: 70 | AC13: =ROUND((AB13+AA13-100)/2,0) -> 70 | AD13: =AC13-AB13 -> 0 | AE13: Wikidata P2048 và hồ sơ CLB/giải đấu; có thể hiệu chỉnh
A14: CRE | B14: 4 | C14: 1 | D14: 2 | E14: 1 | F14: 2 | G14: =A15 / 10 -> 96 | H14: =ROUND(G14,0) -> 96 | M14: =$A34 -> DIR | N14: =IFERROR((SUMIF($B$9:$F$9,$M14,$B$10:$F$10)*INDEX($E$24:$J$33,MATCH(N$3,$D$24:$D$33,0),MATCH($A$10,$E$23:$J$23,0))+SUMIF($B$11:$F$11,$M14,$B$12:$F$12)*INDEX($E$24:$J$33,MATCH(N$3,$D$24:$D$33,0),MATCH($A$12,$E$23:$J$23,0))+SUMIF($B$13:$F$13,$M14,$B$14:$F$14)*INDEX($E$24:$J$33,MATCH(N$3,$D$24:$D$33,0),MATCH($A$14,$E$23:$J$23,0))+SUMIF($B$15:$F$15,$M14,$B$16:$F$16)*INDEX($E$24:$J$33,MATCH(N$3,$D$24:$D$33,0),MATCH($A$16,$E$23:$J$23,0))+SUMIF($B$17:$F$17,$M14,$B$18:$F$18)*INDEX($E$24:$J$33,MATCH(N$3,$D$24:$D$33,0),MATCH($A$18,$E$23:$J$23,0))+SUMIF($B$19:$F$19,$M14,$B$20:$F$20)*INDEX($E$24:$J$33,MATCH(N$3,$D$24:$D$33,0),MATCH($A$20,$E$23:$J$23,0)))/250,0) -> 0.08 | O14: =IFERROR((SUMIF($B$9:$F$9,$M14,$B$10:$F$10)*INDEX($E$24:$J$33,MATCH(O$3,$D$24:$D$33,0),MATCH($A$10,$E$23:$J$23,0))+SUMIF($B$11:$F$11,$M14,$B$12:$F$12)*INDEX($E$24:$J$33,MATCH(O$3,$D$24:$D$33,0),MATCH($A$12,$E$23:$J$23,0))+SUMIF($B$13:$F$13,$M14,$B$14:$F$14)*INDEX($E$24:$J$33,MATCH(O$3,$D$24:$D$33,0),MATCH($A$14,$E$23:$J$23,0))+SUMIF($B$15:$F$15,$M14,$B$16:$F$16)*INDEX($E$24:$J$33,MATCH(O$3,$D$24:$D$33,0),MATCH($A$16,$E$23:$J$23,0))+SUMIF($B$17:$F$17,$M14,$B$18:$F$18)*INDEX($E$24:$J$33,MATCH(O$3,$D$24:$D$33,0),MATCH($A$18,$E$23:$J$23,0))+SUMIF($B$19:$F$19,$M14,$B$20:$F$20)*INDEX($E$24:$J$33,MATCH(O$3,$D$24:$D$33,0),MATCH($A$20,$E$23:$J$23,0)))/250,0) -> 0.096 | P14: =IFERROR((SUMIF($B$9:$F$9,$M14,$B$10:$F$10)*INDEX($E$24:$J$33,MATCH(P$3,$D$24:$D$33,0),MATCH($A$10,$E$23:$J$23,0))+SUMIF($B$11:$F$11,$M14,$B$12:$F$12)*INDEX($E$24:$J$33,MATCH(P$3,$D$24:$D$33,0),MATCH($A$12,$E$23:$J$23,0))+SUMIF($B$13:$F$13,$M14,$B$14:$F$14)*INDEX($E$24:$J$33,MATCH(P$3,$D$24:$D$33,0),MATCH($A$14,$E$23:$J$23,0))+SUMIF($B$15:$F$15,$M14,$B$16:$F$16)*INDEX($E$24:$J$33,MATCH(P$3,$D$24:$D$33,0),MATCH($A$16,$E$23:$J$23,0))+SUMIF($B$17:$F$17,$M14,$B$18:$F$18)*INDEX($E$24:$J$33,MATCH(P$3,$D$24:$D$33,0),MATCH($A$18,$E$23:$J$23,0))+SUMIF($B$19:$F$19,$M14,$B$20:$F$20)*INDEX($E$24:$J$33,MATCH(P$3,$D$24:$D$33,0),MATCH($A$20,$E$23:$J$23,0)))/250,0) -> 0.112 | Q14: =IFERROR((SUMIF($B$9:$F$9,$M14,$B$10:$F$10)*INDEX($E$24:$J$33,MATCH(Q$3,$D$24:$D$33,0),MATCH($A$10,$E$23:$J$23,0))+SUMIF($B$11:$F$11,$M14,$B$12:$F$12)*INDEX($E$24:$J$33,MATCH(Q$3,$D$24:$D$33,0),MATCH($A$12,$E$23:$J$23,0))+SUMIF($B$13:$F$13,$M14,$B$14:$F$14)*INDEX($E$24:$J$33,MATCH(Q$3,$D$24:$D$33,0),MATCH($A$14,$E$23:$J$23,0))+SUMIF($B$15:$F$15,$M14,$B$16:$F$16)*INDEX($E$24:$J$33,MATCH(Q$3,$D$24:$D$33,0),MATCH($A$16,$E$23:$J$23,0))+SUMIF($B$17:$F$17,$M14,$B$18:$F$18)*INDEX($E$24:$J$33,MATCH(Q$3,$D$24:$D$33,0),MATCH($A$18,$E$23:$J$23,0))+SUMIF($B$19:$F$19,$M14,$B$20:$F$20)*INDEX($E$24:$J$33,MATCH(Q$3,$D$24:$D$33,0),MATCH($A$20,$E$23:$J$23,0)))/250,0) -> 0.096 | R14: =IFERROR((SUMIF($B$9:$F$9,$M14,$B$10:$F$10)*INDEX($E$24:$J$33,MATCH(R$3,$D$24:$D$33,0),MATCH($A$10,$E$23:$J$23,0))+SUMIF($B$11:$F$11,$M14,$B$12:$F$12)*INDEX($E$24:$J$33,MATCH(R$3,$D$24:$D$33,0),MATCH($A$12,$E$23:$J$23,0))+SUMIF($B$13:$F$13,$M14,$B$14:$F$14)*INDEX($E$24:$J$33,MATCH(R$3,$D$24:$D$33,0),MATCH($A$14,$E$23:$J$23,0))+SUMIF($B$15:$F$15,$M14,$B$16:$F$16)*INDEX($E$24:$J$33,MATCH(R$3,$D$24:$D$33,0),MATCH($A$16,$E$23:$J$23,0))+SUMIF($B$17:$F$17,$M14,$B$18:$F$18)*INDEX($E$24:$J$33,MATCH(R$3,$D$24:$D$33,0),MATCH($A$18,$E$23:$J$23,0))+SUMIF($B$19:$F$19,$M14,$B$20:$F$20)*INDEX($E$24:$J$33,MATCH(R$3,$D$24:$D$33,0),MATCH($A$20,$E$23:$J$23,0)))/250,0) -> 0.112 | S14: =IFERROR((SUMIF($B$9:$F$9,$M14,$B$10:$F$10)*INDEX($E$24:$J$33,MATCH(S$3,$D$24:$D$33,0),MATCH($A$10,$E$23:$J$23,0))+SUMIF($B$11:$F$11,$M14,$B$12:$F$12)*INDEX($E$24:$J$33,MATCH(S$3,$D$24:$D$33,0),MATCH($A$12,$E$23:$J$23,0))+SUMIF($B$13:$F$13,$M14,$B$14:$F$14)*INDEX($E$24:$J$33,MATCH(S$3,$D$24:$D$33,0),MATCH($A$14,$E$23:$J$23,0))+SUMIF($B$15:$F$15,$M14,$B$16:$F$16)*INDEX($E$24:$J$33,MATCH(S$3,$D$24:$D$33,0),MATCH($A$16,$E$23:$J$23,0))+SUMIF($B$17:$F$17,$M14,$B$18:$F$18)*INDEX($E$24:$J$33,MATCH(S$3,$D$24:$D$33,0),MATCH($A$18,$E$23:$J$23,0))+SUMIF($B$19:$F$19,$M14,$B$20:$F$20)*INDEX($E$24:$J$33,MATCH(S$3,$D$24:$D$33,0),MATCH($A$20,$E$23:$J$23,0)))/250,0) -> 0.048 | T14: =IFERROR((SUMIF($B$9:$F$9,$M14,$B$10:$F$10)*INDEX($E$24:$J$33,MATCH(T$3,$D$24:$D$33,0),MATCH($A$10,$E$23:$J$23,0))+SUMIF($B$11:$F$11,$M14,$B$12:$F$12)*INDEX($E$24:$J$33,MATCH(T$3,$D$24:$D$33,0),MATCH($A$12,$E$23:$J$23,0))+SUMIF($B$13:$F$13,$M14,$B$14:$F$14)*INDEX($E$24:$J$33,MATCH(T$3,$D$24:$D$33,0),MATCH($A$14,$E$23:$J$23,0))+SUMIF($B$15:$F$15,$M14,$B$16:$F$16)*INDEX($E$24:$J$33,MATCH(T$3,$D$24:$D$33,0),MATCH($A$16,$E$23:$J$23,0))+SUMIF($B$17:$F$17,$M14,$B$18:$F$18)*INDEX($E$24:$J$33,MATCH(T$3,$D$24:$D$33,0),MATCH($A$18,$E$23:$J$23,0))+SUMIF($B$19:$F$19,$M14,$B$20:$F$20)*INDEX($E$24:$J$33,MATCH(T$3,$D$24:$D$33,0),MATCH($A$20,$E$23:$J$23,0)))/250,0) -> 0.032 | U14: =IFERROR((SUMIF($B$9:$F$9,$M14,$B$10:$F$10)*INDEX($E$24:$J$33,MATCH(U$3,$D$24:$D$33,0),MATCH($A$10,$E$23:$J$23,0))+SUMIF($B$11:$F$11,$M14,$B$12:$F$12)*INDEX($E$24:$J$33,MATCH(U$3,$D$24:$D$33,0),MATCH($A$12,$E$23:$J$23,0))+SUMIF($B$13:$F$13,$M14,$B$14:$F$14)*INDEX($E$24:$J$33,MATCH(U$3,$D$24:$D$33,0),MATCH($A$14,$E$23:$J$23,0))+SUMIF($B$15:$F$15,$M14,$B$16:$F$16)*INDEX($E$24:$J$33,MATCH(U$3,$D$24:$D$33,0),MATCH($A$16,$E$23:$J$23,0))+SUMIF($B$17:$F$17,$M14,$B$18:$F$18)*INDEX($E$24:$J$33,MATCH(U$3,$D$24:$D$33,0),MATCH($A$18,$E$23:$J$23,0))+SUMIF($B$19:$F$19,$M14,$B$20:$F$20)*INDEX($E$24:$J$33,MATCH(U$3,$D$24:$D$33,0),MATCH($A$20,$E$23:$J$23,0)))/250,0) -> 0.08 | ... W14: =IFERROR((SUMIF($B$9:$F$9,$M14,$B$10:$F$10)*INDEX($E$24:$J$33,MATCH(W$3,$D$24:$D$33,0),MATCH($A$10,$E$23:$J$23,0))+SUMIF($B$11:$F$11,$M14,$B$12:$F$12)*INDEX($E$24:$J$33,MATCH(W$3,$D$24:$D$33,0),MATCH($A$12,$E$23:$J$23,0))+SUMIF($B$13:$F$13,$M14,$B$14:$F$14)*INDEX($E$24:$J$33,MATCH(W$3,$D$24:$D$33,0),MATCH($A$14,$E$23:$J$23,0))+SUMIF($B$15:$F$15,$M14,$B$16:$F$16)*INDEX($E$24:$J$33,MATCH(W$3,$D$24:$D$33,0),MATCH($A$16,$E$23:$J$23,0))+SUMIF($B$17:$F$17,$M14,$B$18:$F$18)*INDEX($E$24:$J$33,MATCH(W$3,$D$24:$D$33,0),MATCH($A$18,$E$23:$J$23,0))+SUMIF($B$19:$F$19,$M14,$B$20:$F$20)*INDEX($E$24:$J$33,MATCH(W$3,$D$24:$D$33,0),MATCH($A$20,$E$23:$J$23,0)))/250,0) -> 0.016 | Y14: Iniesta Icon | Z14: ANDRÉS INIESTA | AA14: 171 | AB14: 72 | AC14: =ROUND((AB14+AA14-100)/2,0) -> 72 | AD14: =AC14-AB14 -> 0 | AE14: Wikidata P2048 và hồ sơ CLB/giải đấu; có thể hiệu chỉnh
A15: =B34 * B14 + B32 * C14 + B33 * D14 + B31 * E14 + B35 * F14 -> 960 | B15: SPE | C15: ACC | D15: STA | E15: STE | F15: JUM | M15: =$A35 -> QD | N15: =IFERROR((SUMIF($B$9:$F$9,$M15,$B$10:$F$10)*INDEX($E$24:$J$33,MATCH(N$3,$D$24:$D$33,0),MATCH($A$10,$E$23:$J$23,0))+SUMIF($B$11:$F$11,$M15,$B$12:$F$12)*INDEX($E$24:$J$33,MATCH(N$3,$D$24:$D$33,0),MATCH($A$12,$E$23:$J$23,0))+SUMIF($B$13:$F$13,$M15,$B$14:$F$14)*INDEX($E$24:$J$33,MATCH(N$3,$D$24:$D$33,0),MATCH($A$14,$E$23:$J$23,0))+SUMIF($B$15:$F$15,$M15,$B$16:$F$16)*INDEX($E$24:$J$33,MATCH(N$3,$D$24:$D$33,0),MATCH($A$16,$E$23:$J$23,0))+SUMIF($B$17:$F$17,$M15,$B$18:$F$18)*INDEX($E$24:$J$33,MATCH(N$3,$D$24:$D$33,0),MATCH($A$18,$E$23:$J$23,0))+SUMIF($B$19:$F$19,$M15,$B$20:$F$20)*INDEX($E$24:$J$33,MATCH(N$3,$D$24:$D$33,0),MATCH($A$20,$E$23:$J$23,0)))/250,0) -> 0.056 | O15: =IFERROR((SUMIF($B$9:$F$9,$M15,$B$10:$F$10)*INDEX($E$24:$J$33,MATCH(O$3,$D$24:$D$33,0),MATCH($A$10,$E$23:$J$23,0))+SUMIF($B$11:$F$11,$M15,$B$12:$F$12)*INDEX($E$24:$J$33,MATCH(O$3,$D$24:$D$33,0),MATCH($A$12,$E$23:$J$23,0))+SUMIF($B$13:$F$13,$M15,$B$14:$F$14)*INDEX($E$24:$J$33,MATCH(O$3,$D$24:$D$33,0),MATCH($A$14,$E$23:$J$23,0))+SUMIF($B$15:$F$15,$M15,$B$16:$F$16)*INDEX($E$24:$J$33,MATCH(O$3,$D$24:$D$33,0),MATCH($A$16,$E$23:$J$23,0))+SUMIF($B$17:$F$17,$M15,$B$18:$F$18)*INDEX($E$24:$J$33,MATCH(O$3,$D$24:$D$33,0),MATCH($A$18,$E$23:$J$23,0))+SUMIF($B$19:$F$19,$M15,$B$20:$F$20)*INDEX($E$24:$J$33,MATCH(O$3,$D$24:$D$33,0),MATCH($A$20,$E$23:$J$23,0)))/250,0) -> 0.064 | P15: =IFERROR((SUMIF($B$9:$F$9,$M15,$B$10:$F$10)*INDEX($E$24:$J$33,MATCH(P$3,$D$24:$D$33,0),MATCH($A$10,$E$23:$J$23,0))+SUMIF($B$11:$F$11,$M15,$B$12:$F$12)*INDEX($E$24:$J$33,MATCH(P$3,$D$24:$D$33,0),MATCH($A$12,$E$23:$J$23,0))+SUMIF($B$13:$F$13,$M15,$B$14:$F$14)*INDEX($E$24:$J$33,MATCH(P$3,$D$24:$D$33,0),MATCH($A$14,$E$23:$J$23,0))+SUMIF($B$15:$F$15,$M15,$B$16:$F$16)*INDEX($E$24:$J$33,MATCH(P$3,$D$24:$D$33,0),MATCH($A$16,$E$23:$J$23,0))+SUMIF($B$17:$F$17,$M15,$B$18:$F$18)*INDEX($E$24:$J$33,MATCH(P$3,$D$24:$D$33,0),MATCH($A$18,$E$23:$J$23,0))+SUMIF($B$19:$F$19,$M15,$B$20:$F$20)*INDEX($E$24:$J$33,MATCH(P$3,$D$24:$D$33,0),MATCH($A$20,$E$23:$J$23,0)))/250,0) -> 0.072 | Q15: =IFERROR((SUMIF($B$9:$F$9,$M15,$B$10:$F$10)*INDEX($E$24:$J$33,MATCH(Q$3,$D$24:$D$33,0),MATCH($A$10,$E$23:$J$23,0))+SUMIF($B$11:$F$11,$M15,$B$12:$F$12)*INDEX($E$24:$J$33,MATCH(Q$3,$D$24:$D$33,0),MATCH($A$12,$E$23:$J$23,0))+SUMIF($B$13:$F$13,$M15,$B$14:$F$14)*INDEX($E$24:$J$33,MATCH(Q$3,$D$24:$D$33,0),MATCH($A$14,$E$23:$J$23,0))+SUMIF($B$15:$F$15,$M15,$B$16:$F$16)*INDEX($E$24:$J$33,MATCH(Q$3,$D$24:$D$33,0),MATCH($A$16,$E$23:$J$23,0))+SUMIF($B$17:$F$17,$M15,$B$18:$F$18)*INDEX($E$24:$J$33,MATCH(Q$3,$D$24:$D$33,0),MATCH($A$18,$E$23:$J$23,0))+SUMIF($B$19:$F$19,$M15,$B$20:$F$20)*INDEX($E$24:$J$33,MATCH(Q$3,$D$24:$D$33,0),MATCH($A$20,$E$23:$J$23,0)))/250,0) -> 0.064 | R15: =IFERROR((SUMIF($B$9:$F$9,$M15,$B$10:$F$10)*INDEX($E$24:$J$33,MATCH(R$3,$D$24:$D$33,0),MATCH($A$10,$E$23:$J$23,0))+SUMIF($B$11:$F$11,$M15,$B$12:$F$12)*INDEX($E$24:$J$33,MATCH(R$3,$D$24:$D$33,0),MATCH($A$12,$E$23:$J$23,0))+SUMIF($B$13:$F$13,$M15,$B$14:$F$14)*INDEX($E$24:$J$33,MATCH(R$3,$D$24:$D$33,0),MATCH($A$14,$E$23:$J$23,0))+SUMIF($B$15:$F$15,$M15,$B$16:$F$16)*INDEX($E$24:$J$33,MATCH(R$3,$D$24:$D$33,0),MATCH($A$16,$E$23:$J$23,0))+SUMIF($B$17:$F$17,$M15,$B$18:$F$18)*INDEX($E$24:$J$33,MATCH(R$3,$D$24:$D$33,0),MATCH($A$18,$E$23:$J$23,0))+SUMIF($B$19:$F$19,$M15,$B$20:$F$20)*INDEX($E$24:$J$33,MATCH(R$3,$D$24:$D$33,0),MATCH($A$20,$E$23:$J$23,0)))/250,0) -> 0.072 | S15: =IFERROR((SUMIF($B$9:$F$9,$M15,$B$10:$F$10)*INDEX($E$24:$J$33,MATCH(S$3,$D$24:$D$33,0),MATCH($A$10,$E$23:$J$23,0))+SUMIF($B$11:$F$11,$M15,$B$12:$F$12)*INDEX($E$24:$J$33,MATCH(S$3,$D$24:$D$33,0),MATCH($A$12,$E$23:$J$23,0))+SUMIF($B$13:$F$13,$M15,$B$14:$F$14)*INDEX($E$24:$J$33,MATCH(S$3,$D$24:$D$33,0),MATCH($A$14,$E$23:$J$23,0))+SUMIF($B$15:$F$15,$M15,$B$16:$F$16)*INDEX($E$24:$J$33,MATCH(S$3,$D$24:$D$33,0),MATCH($A$16,$E$23:$J$23,0))+SUMIF($B$17:$F$17,$M15,$B$18:$F$18)*INDEX($E$24:$J$33,MATCH(S$3,$D$24:$D$33,0),MATCH($A$18,$E$23:$J$23,0))+SUMIF($B$19:$F$19,$M15,$B$20:$F$20)*INDEX($E$24:$J$33,MATCH(S$3,$D$24:$D$33,0),MATCH($A$20,$E$23:$J$23,0)))/250,0) -> 0.04 | T15: =IFERROR((SUMIF($B$9:$F$9,$M15,$B$10:$F$10)*INDEX($E$24:$J$33,MATCH(T$3,$D$24:$D$33,0),MATCH($A$10,$E$23:$J$23,0))+SUMIF($B$11:$F$11,$M15,$B$12:$F$12)*INDEX($E$24:$J$33,MATCH(T$3,$D$24:$D$33,0),MATCH($A$12,$E$23:$J$23,0))+SUMIF($B$13:$F$13,$M15,$B$14:$F$14)*INDEX($E$24:$J$33,MATCH(T$3,$D$24:$D$33,0),MATCH($A$14,$E$23:$J$23,0))+SUMIF($B$15:$F$15,$M15,$B$16:$F$16)*INDEX($E$24:$J$33,MATCH(T$3,$D$24:$D$33,0),MATCH($A$16,$E$23:$J$23,0))+SUMIF($B$17:$F$17,$M15,$B$18:$F$18)*INDEX($E$24:$J$33,MATCH(T$3,$D$24:$D$33,0),MATCH($A$18,$E$23:$J$23,0))+SUMIF($B$19:$F$19,$M15,$B$20:$F$20)*INDEX($E$24:$J$33,MATCH(T$3,$D$24:$D$33,0),MATCH($A$20,$E$23:$J$23,0)))/250,0) -> 0.032 | U15: =IFERROR((SUMIF($B$9:$F$9,$M15,$B$10:$F$10)*INDEX($E$24:$J$33,MATCH(U$3,$D$24:$D$33,0),MATCH($A$10,$E$23:$J$23,0))+SUMIF($B$11:$F$11,$M15,$B$12:$F$12)*INDEX($E$24:$J$33,MATCH(U$3,$D$24:$D$33,0),MATCH($A$12,$E$23:$J$23,0))+SUMIF($B$13:$F$13,$M15,$B$14:$F$14)*INDEX($E$24:$J$33,MATCH(U$3,$D$24:$D$33,0),MATCH($A$14,$E$23:$J$23,0))+SUMIF($B$15:$F$15,$M15,$B$16:$F$16)*INDEX($E$24:$J$33,MATCH(U$3,$D$24:$D$33,0),MATCH($A$16,$E$23:$J$23,0))+SUMIF($B$17:$F$17,$M15,$B$18:$F$18)*INDEX($E$24:$J$33,MATCH(U$3,$D$24:$D$33,0),MATCH($A$18,$E$23:$J$23,0))+SUMIF($B$19:$F$19,$M15,$B$20:$F$20)*INDEX($E$24:$J$33,MATCH(U$3,$D$24:$D$33,0),MATCH($A$20,$E$23:$J$23,0)))/250,0) -> 0.056 | ... W15: =IFERROR((SUMIF($B$9:$F$9,$M15,$B$10:$F$10)*INDEX($E$24:$J$33,MATCH(W$3,$D$24:$D$33,0),MATCH($A$10,$E$23:$J$23,0))+SUMIF($B$11:$F$11,$M15,$B$12:$F$12)*INDEX($E$24:$J$33,MATCH(W$3,$D$24:$D$33,0),MATCH($A$12,$E$23:$J$23,0))+SUMIF($B$13:$F$13,$M15,$B$14:$F$14)*INDEX($E$24:$J$33,MATCH(W$3,$D$24:$D$33,0),MATCH($A$14,$E$23:$J$23,0))+SUMIF($B$15:$F$15,$M15,$B$16:$F$16)*INDEX($E$24:$J$33,MATCH(W$3,$D$24:$D$33,0),MATCH($A$16,$E$23:$J$23,0))+SUMIF($B$17:$F$17,$M15,$B$18:$F$18)*INDEX($E$24:$J$33,MATCH(W$3,$D$24:$D$33,0),MATCH($A$18,$E$23:$J$23,0))+SUMIF($B$19:$F$19,$M15,$B$20:$F$20)*INDEX($E$24:$J$33,MATCH(W$3,$D$24:$D$33,0),MATCH($A$20,$E$23:$J$23,0)))/250,0) -> 0.024 | Y15: Bellingham | Z15: JUDE BELLINGHAM | AA15: 186 | AB15: 85 | AC15: =ROUND((AB15+AA15-100)/2,0) -> 86 | AD15: =AC15-AB15 -> 1 | AE15: Wikidata P2048 và hồ sơ CLB/giải đấu; có thể hiệu chỉnh
A16: PHY | B16: 2 | C16: 2 | D16: 2 | E16: 3 | F16: 1 | G16: =A17 / 10 -> 82 | H16: =ROUND(G16,0) -> 82 | M16: =$A36 -> SPE | N16: =IFERROR((SUMIF($B$9:$F$9,$M16,$B$10:$F$10)*INDEX($E$24:$J$33,MATCH(N$3,$D$24:$D$33,0),MATCH($A$10,$E$23:$J$23,0))+SUMIF($B$11:$F$11,$M16,$B$12:$F$12)*INDEX($E$24:$J$33,MATCH(N$3,$D$24:$D$33,0),MATCH($A$12,$E$23:$J$23,0))+SUMIF($B$13:$F$13,$M16,$B$14:$F$14)*INDEX($E$24:$J$33,MATCH(N$3,$D$24:$D$33,0),MATCH($A$14,$E$23:$J$23,0))+SUMIF($B$15:$F$15,$M16,$B$16:$F$16)*INDEX($E$24:$J$33,MATCH(N$3,$D$24:$D$33,0),MATCH($A$16,$E$23:$J$23,0))+SUMIF($B$17:$F$17,$M16,$B$18:$F$18)*INDEX($E$24:$J$33,MATCH(N$3,$D$24:$D$33,0),MATCH($A$18,$E$23:$J$23,0))+SUMIF($B$19:$F$19,$M16,$B$20:$F$20)*INDEX($E$24:$J$33,MATCH(N$3,$D$24:$D$33,0),MATCH($A$20,$E$23:$J$23,0)))/250,0) -> 0.032 | O16: =IFERROR((SUMIF($B$9:$F$9,$M16,$B$10:$F$10)*INDEX($E$24:$J$33,MATCH(O$3,$D$24:$D$33,0),MATCH($A$10,$E$23:$J$23,0))+SUMIF($B$11:$F$11,$M16,$B$12:$F$12)*INDEX($E$24:$J$33,MATCH(O$3,$D$24:$D$33,0),MATCH($A$12,$E$23:$J$23,0))+SUMIF($B$13:$F$13,$M16,$B$14:$F$14)*INDEX($E$24:$J$33,MATCH(O$3,$D$24:$D$33,0),MATCH($A$14,$E$23:$J$23,0))+SUMIF($B$15:$F$15,$M16,$B$16:$F$16)*INDEX($E$24:$J$33,MATCH(O$3,$D$24:$D$33,0),MATCH($A$16,$E$23:$J$23,0))+SUMIF($B$17:$F$17,$M16,$B$18:$F$18)*INDEX($E$24:$J$33,MATCH(O$3,$D$24:$D$33,0),MATCH($A$18,$E$23:$J$23,0))+SUMIF($B$19:$F$19,$M16,$B$20:$F$20)*INDEX($E$24:$J$33,MATCH(O$3,$D$24:$D$33,0),MATCH($A$20,$E$23:$J$23,0)))/250,0) -> 0.032 | P16: =IFERROR((SUMIF($B$9:$F$9,$M16,$B$10:$F$10)*INDEX($E$24:$J$33,MATCH(P$3,$D$24:$D$33,0),MATCH($A$10,$E$23:$J$23,0))+SUMIF($B$11:$F$11,$M16,$B$12:$F$12)*INDEX($E$24:$J$33,MATCH(P$3,$D$24:$D$33,0),MATCH($A$12,$E$23:$J$23,0))+SUMIF($B$13:$F$13,$M16,$B$14:$F$14)*INDEX($E$24:$J$33,MATCH(P$3,$D$24:$D$33,0),MATCH($A$14,$E$23:$J$23,0))+SUMIF($B$15:$F$15,$M16,$B$16:$F$16)*INDEX($E$24:$J$33,MATCH(P$3,$D$24:$D$33,0),MATCH($A$16,$E$23:$J$23,0))+SUMIF($B$17:$F$17,$M16,$B$18:$F$18)*INDEX($E$24:$J$33,MATCH(P$3,$D$24:$D$33,0),MATCH($A$18,$E$23:$J$23,0))+SUMIF($B$19:$F$19,$M16,$B$20:$F$20)*INDEX($E$24:$J$33,MATCH(P$3,$D$24:$D$33,0),MATCH($A$20,$E$23:$J$23,0)))/250,0) -> 0.024 | Q16: =IFERROR((SUMIF($B$9:$F$9,$M16,$B$10:$F$10)*INDEX($E$24:$J$33,MATCH(Q$3,$D$24:$D$33,0),MATCH($A$10,$E$23:$J$23,0))+SUMIF($B$11:$F$11,$M16,$B$12:$F$12)*INDEX($E$24:$J$33,MATCH(Q$3,$D$24:$D$33,0),MATCH($A$12,$E$23:$J$23,0))+SUMIF($B$13:$F$13,$M16,$B$14:$F$14)*INDEX($E$24:$J$33,MATCH(Q$3,$D$24:$D$33,0),MATCH($A$14,$E$23:$J$23,0))+SUMIF($B$15:$F$15,$M16,$B$16:$F$16)*INDEX($E$24:$J$33,MATCH(Q$3,$D$24:$D$33,0),MATCH($A$16,$E$23:$J$23,0))+SUMIF($B$17:$F$17,$M16,$B$18:$F$18)*INDEX($E$24:$J$33,MATCH(Q$3,$D$24:$D$33,0),MATCH($A$18,$E$23:$J$23,0))+SUMIF($B$19:$F$19,$M16,$B$20:$F$20)*INDEX($E$24:$J$33,MATCH(Q$3,$D$24:$D$33,0),MATCH($A$20,$E$23:$J$23,0)))/250,0) -> 0.024 | R16: =IFERROR((SUMIF($B$9:$F$9,$M16,$B$10:$F$10)*INDEX($E$24:$J$33,MATCH(R$3,$D$24:$D$33,0),MATCH($A$10,$E$23:$J$23,0))+SUMIF($B$11:$F$11,$M16,$B$12:$F$12)*INDEX($E$24:$J$33,MATCH(R$3,$D$24:$D$33,0),MATCH($A$12,$E$23:$J$23,0))+SUMIF($B$13:$F$13,$M16,$B$14:$F$14)*INDEX($E$24:$J$33,MATCH(R$3,$D$24:$D$33,0),MATCH($A$14,$E$23:$J$23,0))+SUMIF($B$15:$F$15,$M16,$B$16:$F$16)*INDEX($E$24:$J$33,MATCH(R$3,$D$24:$D$33,0),MATCH($A$16,$E$23:$J$23,0))+SUMIF($B$17:$F$17,$M16,$B$18:$F$18)*INDEX($E$24:$J$33,MATCH(R$3,$D$24:$D$33,0),MATCH($A$18,$E$23:$J$23,0))+SUMIF($B$19:$F$19,$M16,$B$20:$F$20)*INDEX($E$24:$J$33,MATCH(R$3,$D$24:$D$33,0),MATCH($A$20,$E$23:$J$23,0)))/250,0) -> 0.032 | S16: =IFERROR((SUMIF($B$9:$F$9,$M16,$B$10:$F$10)*INDEX($E$24:$J$33,MATCH(S$3,$D$24:$D$33,0),MATCH($A$10,$E$23:$J$23,0))+SUMIF($B$11:$F$11,$M16,$B$12:$F$12)*INDEX($E$24:$J$33,MATCH(S$3,$D$24:$D$33,0),MATCH($A$12,$E$23:$J$23,0))+SUMIF($B$13:$F$13,$M16,$B$14:$F$14)*INDEX($E$24:$J$33,MATCH(S$3,$D$24:$D$33,0),MATCH($A$14,$E$23:$J$23,0))+SUMIF($B$15:$F$15,$M16,$B$16:$F$16)*INDEX($E$24:$J$33,MATCH(S$3,$D$24:$D$33,0),MATCH($A$16,$E$23:$J$23,0))+SUMIF($B$17:$F$17,$M16,$B$18:$F$18)*INDEX($E$24:$J$33,MATCH(S$3,$D$24:$D$33,0),MATCH($A$18,$E$23:$J$23,0))+SUMIF($B$19:$F$19,$M16,$B$20:$F$20)*INDEX($E$24:$J$33,MATCH(S$3,$D$24:$D$33,0),MATCH($A$20,$E$23:$J$23,0)))/250,0) -> 0.032 | T16: =IFERROR((SUMIF($B$9:$F$9,$M16,$B$10:$F$10)*INDEX($E$24:$J$33,MATCH(T$3,$D$24:$D$33,0),MATCH($A$10,$E$23:$J$23,0))+SUMIF($B$11:$F$11,$M16,$B$12:$F$12)*INDEX($E$24:$J$33,MATCH(T$3,$D$24:$D$33,0),MATCH($A$12,$E$23:$J$23,0))+SUMIF($B$13:$F$13,$M16,$B$14:$F$14)*INDEX($E$24:$J$33,MATCH(T$3,$D$24:$D$33,0),MATCH($A$14,$E$23:$J$23,0))+SUMIF($B$15:$F$15,$M16,$B$16:$F$16)*INDEX($E$24:$J$33,MATCH(T$3,$D$24:$D$33,0),MATCH($A$16,$E$23:$J$23,0))+SUMIF($B$17:$F$17,$M16,$B$18:$F$18)*INDEX($E$24:$J$33,MATCH(T$3,$D$24:$D$33,0),MATCH($A$18,$E$23:$J$23,0))+SUMIF($B$19:$F$19,$M16,$B$20:$F$20)*INDEX($E$24:$J$33,MATCH(T$3,$D$24:$D$33,0),MATCH($A$20,$E$23:$J$23,0)))/250,0) -> 0.04 | U16: =IFERROR((SUMIF($B$9:$F$9,$M16,$B$10:$F$10)*INDEX($E$24:$J$33,MATCH(U$3,$D$24:$D$33,0),MATCH($A$10,$E$23:$J$23,0))+SUMIF($B$11:$F$11,$M16,$B$12:$F$12)*INDEX($E$24:$J$33,MATCH(U$3,$D$24:$D$33,0),MATCH($A$12,$E$23:$J$23,0))+SUMIF($B$13:$F$13,$M16,$B$14:$F$14)*INDEX($E$24:$J$33,MATCH(U$3,$D$24:$D$33,0),MATCH($A$14,$E$23:$J$23,0))+SUMIF($B$15:$F$15,$M16,$B$16:$F$16)*INDEX($E$24:$J$33,MATCH(U$3,$D$24:$D$33,0),MATCH($A$16,$E$23:$J$23,0))+SUMIF($B$17:$F$17,$M16,$B$18:$F$18)*INDEX($E$24:$J$33,MATCH(U$3,$D$24:$D$33,0),MATCH($A$18,$E$23:$J$23,0))+SUMIF($B$19:$F$19,$M16,$B$20:$F$20)*INDEX($E$24:$J$33,MATCH(U$3,$D$24:$D$33,0),MATCH($A$20,$E$23:$J$23,0)))/250,0) -> 0.04 | ... W16: =IFERROR((SUMIF($B$9:$F$9,$M16,$B$10:$F$10)*INDEX($E$24:$J$33,MATCH(W$3,$D$24:$D$33,0),MATCH($A$10,$E$23:$J$23,0))+SUMIF($B$11:$F$11,$M16,$B$12:$F$12)*INDEX($E$24:$J$33,MATCH(W$3,$D$24:$D$33,0),MATCH($A$12,$E$23:$J$23,0))+SUMIF($B$13:$F$13,$M16,$B$14:$F$14)*INDEX($E$24:$J$33,MATCH(W$3,$D$24:$D$33,0),MATCH($A$14,$E$23:$J$23,0))+SUMIF($B$15:$F$15,$M16,$B$16:$F$16)*INDEX($E$24:$J$33,MATCH(W$3,$D$24:$D$33,0),MATCH($A$16,$E$23:$J$23,0))+SUMIF($B$17:$F$17,$M16,$B$18:$F$18)*INDEX($E$24:$J$33,MATCH(W$3,$D$24:$D$33,0),MATCH($A$18,$E$23:$J$23,0))+SUMIF($B$19:$F$19,$M16,$B$20:$F$20)*INDEX($E$24:$J$33,MATCH(W$3,$D$24:$D$33,0),MATCH($A$20,$E$23:$J$23,0)))/250,0) -> 0.048 | Y16: Maddison | Z16: JAMES MADDISON | AA16: 175 | AB16: 58 | AC16: =ROUND((AB16+AA16-100)/2,0) -> 67 | AD16: =AC16-AB16 -> 9 | AE16: Wikidata P2048 và hồ sơ CLB/giải đấu; có thể hiệu chỉnh
A17: =B36 * B16 + B37 * C16 + B38 * D16 + B39 * E16 + B40 * F16 -> 820 | B17: CAM | C17: QD | D17: POS | E17: VIS | F17: DEC | M17: =$A37 -> ACC | N17: =IFERROR((SUMIF($B$9:$F$9,$M17,$B$10:$F$10)*INDEX($E$24:$J$33,MATCH(N$3,$D$24:$D$33,0),MATCH($A$10,$E$23:$J$23,0))+SUMIF($B$11:$F$11,$M17,$B$12:$F$12)*INDEX($E$24:$J$33,MATCH(N$3,$D$24:$D$33,0),MATCH($A$12,$E$23:$J$23,0))+SUMIF($B$13:$F$13,$M17,$B$14:$F$14)*INDEX($E$24:$J$33,MATCH(N$3,$D$24:$D$33,0),MATCH($A$14,$E$23:$J$23,0))+SUMIF($B$15:$F$15,$M17,$B$16:$F$16)*INDEX($E$24:$J$33,MATCH(N$3,$D$24:$D$33,0),MATCH($A$16,$E$23:$J$23,0))+SUMIF($B$17:$F$17,$M17,$B$18:$F$18)*INDEX($E$24:$J$33,MATCH(N$3,$D$24:$D$33,0),MATCH($A$18,$E$23:$J$23,0))+SUMIF($B$19:$F$19,$M17,$B$20:$F$20)*INDEX($E$24:$J$33,MATCH(N$3,$D$24:$D$33,0),MATCH($A$20,$E$23:$J$23,0)))/250,0) -> 0.032 | O17: =IFERROR((SUMIF($B$9:$F$9,$M17,$B$10:$F$10)*INDEX($E$24:$J$33,MATCH(O$3,$D$24:$D$33,0),MATCH($A$10,$E$23:$J$23,0))+SUMIF($B$11:$F$11,$M17,$B$12:$F$12)*INDEX($E$24:$J$33,MATCH(O$3,$D$24:$D$33,0),MATCH($A$12,$E$23:$J$23,0))+SUMIF($B$13:$F$13,$M17,$B$14:$F$14)*INDEX($E$24:$J$33,MATCH(O$3,$D$24:$D$33,0),MATCH($A$14,$E$23:$J$23,0))+SUMIF($B$15:$F$15,$M17,$B$16:$F$16)*INDEX($E$24:$J$33,MATCH(O$3,$D$24:$D$33,0),MATCH($A$16,$E$23:$J$23,0))+SUMIF($B$17:$F$17,$M17,$B$18:$F$18)*INDEX($E$24:$J$33,MATCH(O$3,$D$24:$D$33,0),MATCH($A$18,$E$23:$J$23,0))+SUMIF($B$19:$F$19,$M17,$B$20:$F$20)*INDEX($E$24:$J$33,MATCH(O$3,$D$24:$D$33,0),MATCH($A$20,$E$23:$J$23,0)))/250,0) -> 0.032 | P17: =IFERROR((SUMIF($B$9:$F$9,$M17,$B$10:$F$10)*INDEX($E$24:$J$33,MATCH(P$3,$D$24:$D$33,0),MATCH($A$10,$E$23:$J$23,0))+SUMIF($B$11:$F$11,$M17,$B$12:$F$12)*INDEX($E$24:$J$33,MATCH(P$3,$D$24:$D$33,0),MATCH($A$12,$E$23:$J$23,0))+SUMIF($B$13:$F$13,$M17,$B$14:$F$14)*INDEX($E$24:$J$33,MATCH(P$3,$D$24:$D$33,0),MATCH($A$14,$E$23:$J$23,0))+SUMIF($B$15:$F$15,$M17,$B$16:$F$16)*INDEX($E$24:$J$33,MATCH(P$3,$D$24:$D$33,0),MATCH($A$16,$E$23:$J$23,0))+SUMIF($B$17:$F$17,$M17,$B$18:$F$18)*INDEX($E$24:$J$33,MATCH(P$3,$D$24:$D$33,0),MATCH($A$18,$E$23:$J$23,0))+SUMIF($B$19:$F$19,$M17,$B$20:$F$20)*INDEX($E$24:$J$33,MATCH(P$3,$D$24:$D$33,0),MATCH($A$20,$E$23:$J$23,0)))/250,0) -> 0.024 | Q17: =IFERROR((SUMIF($B$9:$F$9,$M17,$B$10:$F$10)*INDEX($E$24:$J$33,MATCH(Q$3,$D$24:$D$33,0),MATCH($A$10,$E$23:$J$23,0))+SUMIF($B$11:$F$11,$M17,$B$12:$F$12)*INDEX($E$24:$J$33,MATCH(Q$3,$D$24:$D$33,0),MATCH($A$12,$E$23:$J$23,0))+SUMIF($B$13:$F$13,$M17,$B$14:$F$14)*INDEX($E$24:$J$33,MATCH(Q$3,$D$24:$D$33,0),MATCH($A$14,$E$23:$J$23,0))+SUMIF($B$15:$F$15,$M17,$B$16:$F$16)*INDEX($E$24:$J$33,MATCH(Q$3,$D$24:$D$33,0),MATCH($A$16,$E$23:$J$23,0))+SUMIF($B$17:$F$17,$M17,$B$18:$F$18)*INDEX($E$24:$J$33,MATCH(Q$3,$D$24:$D$33,0),MATCH($A$18,$E$23:$J$23,0))+SUMIF($B$19:$F$19,$M17,$B$20:$F$20)*INDEX($E$24:$J$33,MATCH(Q$3,$D$24:$D$33,0),MATCH($A$20,$E$23:$J$23,0)))/250,0) -> 0.024 | R17: =IFERROR((SUMIF($B$9:$F$9,$M17,$B$10:$F$10)*INDEX($E$24:$J$33,MATCH(R$3,$D$24:$D$33,0),MATCH($A$10,$E$23:$J$23,0))+SUMIF($B$11:$F$11,$M17,$B$12:$F$12)*INDEX($E$24:$J$33,MATCH(R$3,$D$24:$D$33,0),MATCH($A$12,$E$23:$J$23,0))+SUMIF($B$13:$F$13,$M17,$B$14:$F$14)*INDEX($E$24:$J$33,MATCH(R$3,$D$24:$D$33,0),MATCH($A$14,$E$23:$J$23,0))+SUMIF($B$15:$F$15,$M17,$B$16:$F$16)*INDEX($E$24:$J$33,MATCH(R$3,$D$24:$D$33,0),MATCH($A$16,$E$23:$J$23,0))+SUMIF($B$17:$F$17,$M17,$B$18:$F$18)*INDEX($E$24:$J$33,MATCH(R$3,$D$24:$D$33,0),MATCH($A$18,$E$23:$J$23,0))+SUMIF($B$19:$F$19,$M17,$B$20:$F$20)*INDEX($E$24:$J$33,MATCH(R$3,$D$24:$D$33,0),MATCH($A$20,$E$23:$J$23,0)))/250,0) -> 0.032 | S17: =IFERROR((SUMIF($B$9:$F$9,$M17,$B$10:$F$10)*INDEX($E$24:$J$33,MATCH(S$3,$D$24:$D$33,0),MATCH($A$10,$E$23:$J$23,0))+SUMIF($B$11:$F$11,$M17,$B$12:$F$12)*INDEX($E$24:$J$33,MATCH(S$3,$D$24:$D$33,0),MATCH($A$12,$E$23:$J$23,0))+SUMIF($B$13:$F$13,$M17,$B$14:$F$14)*INDEX($E$24:$J$33,MATCH(S$3,$D$24:$D$33,0),MATCH($A$14,$E$23:$J$23,0))+SUMIF($B$15:$F$15,$M17,$B$16:$F$16)*INDEX($E$24:$J$33,MATCH(S$3,$D$24:$D$33,0),MATCH($A$16,$E$23:$J$23,0))+SUMIF($B$17:$F$17,$M17,$B$18:$F$18)*INDEX($E$24:$J$33,MATCH(S$3,$D$24:$D$33,0),MATCH($A$18,$E$23:$J$23,0))+SUMIF($B$19:$F$19,$M17,$B$20:$F$20)*INDEX($E$24:$J$33,MATCH(S$3,$D$24:$D$33,0),MATCH($A$20,$E$23:$J$23,0)))/250,0) -> 0.032 | T17: =IFERROR((SUMIF($B$9:$F$9,$M17,$B$10:$F$10)*INDEX($E$24:$J$33,MATCH(T$3,$D$24:$D$33,0),MATCH($A$10,$E$23:$J$23,0))+SUMIF($B$11:$F$11,$M17,$B$12:$F$12)*INDEX($E$24:$J$33,MATCH(T$3,$D$24:$D$33,0),MATCH($A$12,$E$23:$J$23,0))+SUMIF($B$13:$F$13,$M17,$B$14:$F$14)*INDEX($E$24:$J$33,MATCH(T$3,$D$24:$D$33,0),MATCH($A$14,$E$23:$J$23,0))+SUMIF($B$15:$F$15,$M17,$B$16:$F$16)*INDEX($E$24:$J$33,MATCH(T$3,$D$24:$D$33,0),MATCH($A$16,$E$23:$J$23,0))+SUMIF($B$17:$F$17,$M17,$B$18:$F$18)*INDEX($E$24:$J$33,MATCH(T$3,$D$24:$D$33,0),MATCH($A$18,$E$23:$J$23,0))+SUMIF($B$19:$F$19,$M17,$B$20:$F$20)*INDEX($E$24:$J$33,MATCH(T$3,$D$24:$D$33,0),MATCH($A$20,$E$23:$J$23,0)))/250,0) -> 0.04 | U17: =IFERROR((SUMIF($B$9:$F$9,$M17,$B$10:$F$10)*INDEX($E$24:$J$33,MATCH(U$3,$D$24:$D$33,0),MATCH($A$10,$E$23:$J$23,0))+SUMIF($B$11:$F$11,$M17,$B$12:$F$12)*INDEX($E$24:$J$33,MATCH(U$3,$D$24:$D$33,0),MATCH($A$12,$E$23:$J$23,0))+SUMIF($B$13:$F$13,$M17,$B$14:$F$14)*INDEX($E$24:$J$33,MATCH(U$3,$D$24:$D$33,0),MATCH($A$14,$E$23:$J$23,0))+SUMIF($B$15:$F$15,$M17,$B$16:$F$16)*INDEX($E$24:$J$33,MATCH(U$3,$D$24:$D$33,0),MATCH($A$16,$E$23:$J$23,0))+SUMIF($B$17:$F$17,$M17,$B$18:$F$18)*INDEX($E$24:$J$33,MATCH(U$3,$D$24:$D$33,0),MATCH($A$18,$E$23:$J$23,0))+SUMIF($B$19:$F$19,$M17,$B$20:$F$20)*INDEX($E$24:$J$33,MATCH(U$3,$D$24:$D$33,0),MATCH($A$20,$E$23:$J$23,0)))/250,0) -> 0.04 | ... W17: =IFERROR((SUMIF($B$9:$F$9,$M17,$B$10:$F$10)*INDEX($E$24:$J$33,MATCH(W$3,$D$24:$D$33,0),MATCH($A$10,$E$23:$J$23,0))+SUMIF($B$11:$F$11,$M17,$B$12:$F$12)*INDEX($E$24:$J$33,MATCH(W$3,$D$24:$D$33,0),MATCH($A$12,$E$23:$J$23,0))+SUMIF($B$13:$F$13,$M17,$B$14:$F$14)*INDEX($E$24:$J$33,MATCH(W$3,$D$24:$D$33,0),MATCH($A$14,$E$23:$J$23,0))+SUMIF($B$15:$F$15,$M17,$B$16:$F$16)*INDEX($E$24:$J$33,MATCH(W$3,$D$24:$D$33,0),MATCH($A$16,$E$23:$J$23,0))+SUMIF($B$17:$F$17,$M17,$B$18:$F$18)*INDEX($E$24:$J$33,MATCH(W$3,$D$24:$D$33,0),MATCH($A$18,$E$23:$J$23,0))+SUMIF($B$19:$F$19,$M17,$B$20:$F$20)*INDEX($E$24:$J$33,MATCH(W$3,$D$24:$D$33,0),MATCH($A$20,$E$23:$J$23,0)))/250,0) -> 0.048 | Y17: Joao Neves | Z17: JOÃO NEVES | AA17: 174 | AB17: 87 | AC17: =ROUND((AB17+AA17-100)/2,0) -> 81 | AD17: =AC17-AB17 -> -6 | AE17: Wikidata P2048 và hồ sơ CLB/giải đấu; có thể hiệu chỉnh
A18: MEN | B18: 2 | C18: 1 | D18: 1.5 | E18: 1.5 | F18: 4 | G18: =A19 / 10 -> 91.3 | H18: =ROUND(G18,0) -> 91 | M18: =$A38 -> STA | N18: =IFERROR((SUMIF($B$9:$F$9,$M18,$B$10:$F$10)*INDEX($E$24:$J$33,MATCH(N$3,$D$24:$D$33,0),MATCH($A$10,$E$23:$J$23,0))+SUMIF($B$11:$F$11,$M18,$B$12:$F$12)*INDEX($E$24:$J$33,MATCH(N$3,$D$24:$D$33,0),MATCH($A$12,$E$23:$J$23,0))+SUMIF($B$13:$F$13,$M18,$B$14:$F$14)*INDEX($E$24:$J$33,MATCH(N$3,$D$24:$D$33,0),MATCH($A$14,$E$23:$J$23,0))+SUMIF($B$15:$F$15,$M18,$B$16:$F$16)*INDEX($E$24:$J$33,MATCH(N$3,$D$24:$D$33,0),MATCH($A$16,$E$23:$J$23,0))+SUMIF($B$17:$F$17,$M18,$B$18:$F$18)*INDEX($E$24:$J$33,MATCH(N$3,$D$24:$D$33,0),MATCH($A$18,$E$23:$J$23,0))+SUMIF($B$19:$F$19,$M18,$B$20:$F$20)*INDEX($E$24:$J$33,MATCH(N$3,$D$24:$D$33,0),MATCH($A$20,$E$23:$J$23,0)))/250,0) -> 0.032 | O18: =IFERROR((SUMIF($B$9:$F$9,$M18,$B$10:$F$10)*INDEX($E$24:$J$33,MATCH(O$3,$D$24:$D$33,0),MATCH($A$10,$E$23:$J$23,0))+SUMIF($B$11:$F$11,$M18,$B$12:$F$12)*INDEX($E$24:$J$33,MATCH(O$3,$D$24:$D$33,0),MATCH($A$12,$E$23:$J$23,0))+SUMIF($B$13:$F$13,$M18,$B$14:$F$14)*INDEX($E$24:$J$33,MATCH(O$3,$D$24:$D$33,0),MATCH($A$14,$E$23:$J$23,0))+SUMIF($B$15:$F$15,$M18,$B$16:$F$16)*INDEX($E$24:$J$33,MATCH(O$3,$D$24:$D$33,0),MATCH($A$16,$E$23:$J$23,0))+SUMIF($B$17:$F$17,$M18,$B$18:$F$18)*INDEX($E$24:$J$33,MATCH(O$3,$D$24:$D$33,0),MATCH($A$18,$E$23:$J$23,0))+SUMIF($B$19:$F$19,$M18,$B$20:$F$20)*INDEX($E$24:$J$33,MATCH(O$3,$D$24:$D$33,0),MATCH($A$20,$E$23:$J$23,0)))/250,0) -> 0.032 | P18: =IFERROR((SUMIF($B$9:$F$9,$M18,$B$10:$F$10)*INDEX($E$24:$J$33,MATCH(P$3,$D$24:$D$33,0),MATCH($A$10,$E$23:$J$23,0))+SUMIF($B$11:$F$11,$M18,$B$12:$F$12)*INDEX($E$24:$J$33,MATCH(P$3,$D$24:$D$33,0),MATCH($A$12,$E$23:$J$23,0))+SUMIF($B$13:$F$13,$M18,$B$14:$F$14)*INDEX($E$24:$J$33,MATCH(P$3,$D$24:$D$33,0),MATCH($A$14,$E$23:$J$23,0))+SUMIF($B$15:$F$15,$M18,$B$16:$F$16)*INDEX($E$24:$J$33,MATCH(P$3,$D$24:$D$33,0),MATCH($A$16,$E$23:$J$23,0))+SUMIF($B$17:$F$17,$M18,$B$18:$F$18)*INDEX($E$24:$J$33,MATCH(P$3,$D$24:$D$33,0),MATCH($A$18,$E$23:$J$23,0))+SUMIF($B$19:$F$19,$M18,$B$20:$F$20)*INDEX($E$24:$J$33,MATCH(P$3,$D$24:$D$33,0),MATCH($A$20,$E$23:$J$23,0)))/250,0) -> 0.024 | Q18: =IFERROR((SUMIF($B$9:$F$9,$M18,$B$10:$F$10)*INDEX($E$24:$J$33,MATCH(Q$3,$D$24:$D$33,0),MATCH($A$10,$E$23:$J$23,0))+SUMIF($B$11:$F$11,$M18,$B$12:$F$12)*INDEX($E$24:$J$33,MATCH(Q$3,$D$24:$D$33,0),MATCH($A$12,$E$23:$J$23,0))+SUMIF($B$13:$F$13,$M18,$B$14:$F$14)*INDEX($E$24:$J$33,MATCH(Q$3,$D$24:$D$33,0),MATCH($A$14,$E$23:$J$23,0))+SUMIF($B$15:$F$15,$M18,$B$16:$F$16)*INDEX($E$24:$J$33,MATCH(Q$3,$D$24:$D$33,0),MATCH($A$16,$E$23:$J$23,0))+SUMIF($B$17:$F$17,$M18,$B$18:$F$18)*INDEX($E$24:$J$33,MATCH(Q$3,$D$24:$D$33,0),MATCH($A$18,$E$23:$J$23,0))+SUMIF($B$19:$F$19,$M18,$B$20:$F$20)*INDEX($E$24:$J$33,MATCH(Q$3,$D$24:$D$33,0),MATCH($A$20,$E$23:$J$23,0)))/250,0) -> 0.024 | R18: =IFERROR((SUMIF($B$9:$F$9,$M18,$B$10:$F$10)*INDEX($E$24:$J$33,MATCH(R$3,$D$24:$D$33,0),MATCH($A$10,$E$23:$J$23,0))+SUMIF($B$11:$F$11,$M18,$B$12:$F$12)*INDEX($E$24:$J$33,MATCH(R$3,$D$24:$D$33,0),MATCH($A$12,$E$23:$J$23,0))+SUMIF($B$13:$F$13,$M18,$B$14:$F$14)*INDEX($E$24:$J$33,MATCH(R$3,$D$24:$D$33,0),MATCH($A$14,$E$23:$J$23,0))+SUMIF($B$15:$F$15,$M18,$B$16:$F$16)*INDEX($E$24:$J$33,MATCH(R$3,$D$24:$D$33,0),MATCH($A$16,$E$23:$J$23,0))+SUMIF($B$17:$F$17,$M18,$B$18:$F$18)*INDEX($E$24:$J$33,MATCH(R$3,$D$24:$D$33,0),MATCH($A$18,$E$23:$J$23,0))+SUMIF($B$19:$F$19,$M18,$B$20:$F$20)*INDEX($E$24:$J$33,MATCH(R$3,$D$24:$D$33,0),MATCH($A$20,$E$23:$J$23,0)))/250,0) -> 0.032 | S18: =IFERROR((SUMIF($B$9:$F$9,$M18,$B$10:$F$10)*INDEX($E$24:$J$33,MATCH(S$3,$D$24:$D$33,0),MATCH($A$10,$E$23:$J$23,0))+SUMIF($B$11:$F$11,$M18,$B$12:$F$12)*INDEX($E$24:$J$33,MATCH(S$3,$D$24:$D$33,0),MATCH($A$12,$E$23:$J$23,0))+SUMIF($B$13:$F$13,$M18,$B$14:$F$14)*INDEX($E$24:$J$33,MATCH(S$3,$D$24:$D$33,0),MATCH($A$14,$E$23:$J$23,0))+SUMIF($B$15:$F$15,$M18,$B$16:$F$16)*INDEX($E$24:$J$33,MATCH(S$3,$D$24:$D$33,0),MATCH($A$16,$E$23:$J$23,0))+SUMIF($B$17:$F$17,$M18,$B$18:$F$18)*INDEX($E$24:$J$33,MATCH(S$3,$D$24:$D$33,0),MATCH($A$18,$E$23:$J$23,0))+SUMIF($B$19:$F$19,$M18,$B$20:$F$20)*INDEX($E$24:$J$33,MATCH(S$3,$D$24:$D$33,0),MATCH($A$20,$E$23:$J$23,0)))/250,0) -> 0.032 | T18: =IFERROR((SUMIF($B$9:$F$9,$M18,$B$10:$F$10)*INDEX($E$24:$J$33,MATCH(T$3,$D$24:$D$33,0),MATCH($A$10,$E$23:$J$23,0))+SUMIF($B$11:$F$11,$M18,$B$12:$F$12)*INDEX($E$24:$J$33,MATCH(T$3,$D$24:$D$33,0),MATCH($A$12,$E$23:$J$23,0))+SUMIF($B$13:$F$13,$M18,$B$14:$F$14)*INDEX($E$24:$J$33,MATCH(T$3,$D$24:$D$33,0),MATCH($A$14,$E$23:$J$23,0))+SUMIF($B$15:$F$15,$M18,$B$16:$F$16)*INDEX($E$24:$J$33,MATCH(T$3,$D$24:$D$33,0),MATCH($A$16,$E$23:$J$23,0))+SUMIF($B$17:$F$17,$M18,$B$18:$F$18)*INDEX($E$24:$J$33,MATCH(T$3,$D$24:$D$33,0),MATCH($A$18,$E$23:$J$23,0))+SUMIF($B$19:$F$19,$M18,$B$20:$F$20)*INDEX($E$24:$J$33,MATCH(T$3,$D$24:$D$33,0),MATCH($A$20,$E$23:$J$23,0)))/250,0) -> 0.04 | U18: =IFERROR((SUMIF($B$9:$F$9,$M18,$B$10:$F$10)*INDEX($E$24:$J$33,MATCH(U$3,$D$24:$D$33,0),MATCH($A$10,$E$23:$J$23,0))+SUMIF($B$11:$F$11,$M18,$B$12:$F$12)*INDEX($E$24:$J$33,MATCH(U$3,$D$24:$D$33,0),MATCH($A$12,$E$23:$J$23,0))+SUMIF($B$13:$F$13,$M18,$B$14:$F$14)*INDEX($E$24:$J$33,MATCH(U$3,$D$24:$D$33,0),MATCH($A$14,$E$23:$J$23,0))+SUMIF($B$15:$F$15,$M18,$B$16:$F$16)*INDEX($E$24:$J$33,MATCH(U$3,$D$24:$D$33,0),MATCH($A$16,$E$23:$J$23,0))+SUMIF($B$17:$F$17,$M18,$B$18:$F$18)*INDEX($E$24:$J$33,MATCH(U$3,$D$24:$D$33,0),MATCH($A$18,$E$23:$J$23,0))+SUMIF($B$19:$F$19,$M18,$B$20:$F$20)*INDEX($E$24:$J$33,MATCH(U$3,$D$24:$D$33,0),MATCH($A$20,$E$23:$J$23,0)))/250,0) -> 0.04 | ... W18: =IFERROR((SUMIF($B$9:$F$9,$M18,$B$10:$F$10)*INDEX($E$24:$J$33,MATCH(W$3,$D$24:$D$33,0),MATCH($A$10,$E$23:$J$23,0))+SUMIF($B$11:$F$11,$M18,$B$12:$F$12)*INDEX($E$24:$J$33,MATCH(W$3,$D$24:$D$33,0),MATCH($A$12,$E$23:$J$23,0))+SUMIF($B$13:$F$13,$M18,$B$14:$F$14)*INDEX($E$24:$J$33,MATCH(W$3,$D$24:$D$33,0),MATCH($A$14,$E$23:$J$23,0))+SUMIF($B$15:$F$15,$M18,$B$16:$F$16)*INDEX($E$24:$J$33,MATCH(W$3,$D$24:$D$33,0),MATCH($A$16,$E$23:$J$23,0))+SUMIF($B$17:$F$17,$M18,$B$18:$F$18)*INDEX($E$24:$J$33,MATCH(W$3,$D$24:$D$33,0),MATCH($A$18,$E$23:$J$23,0))+SUMIF($B$19:$F$19,$M18,$B$20:$F$20)*INDEX($E$24:$J$33,MATCH(W$3,$D$24:$D$33,0),MATCH($A$20,$E$23:$J$23,0)))/250,0) -> 0.048 | Y18: Fabian Ruiz | Z18: FABIÁN RUIZ | AA18: 189 | AB18: 70 | AC18: =ROUND((AB18+AA18-100)/2,0) -> 80 | AD18: =AC18-AB18 -> 10 | AE18: Wikidata P2048 và hồ sơ CLB/giải đấu; có thể hiệu chỉnh
A19: =B41 * B18 + B35 * C18 + B26 * D18 + B31 * E18 + B42 * F18 -> 913 | B19: INT | C19: TAC | D19: SLD | E19: COV | F19: HEA | M19: =$A39 -> STE | N19: =IFERROR((SUMIF($B$9:$F$9,$M19,$B$10:$F$10)*INDEX($E$24:$J$33,MATCH(N$3,$D$24:$D$33,0),MATCH($A$10,$E$23:$J$23,0))+SUMIF($B$11:$F$11,$M19,$B$12:$F$12)*INDEX($E$24:$J$33,MATCH(N$3,$D$24:$D$33,0),MATCH($A$12,$E$23:$J$23,0))+SUMIF($B$13:$F$13,$M19,$B$14:$F$14)*INDEX($E$24:$J$33,MATCH(N$3,$D$24:$D$33,0),MATCH($A$14,$E$23:$J$23,0))+SUMIF($B$15:$F$15,$M19,$B$16:$F$16)*INDEX($E$24:$J$33,MATCH(N$3,$D$24:$D$33,0),MATCH($A$16,$E$23:$J$23,0))+SUMIF($B$17:$F$17,$M19,$B$18:$F$18)*INDEX($E$24:$J$33,MATCH(N$3,$D$24:$D$33,0),MATCH($A$18,$E$23:$J$23,0))+SUMIF($B$19:$F$19,$M19,$B$20:$F$20)*INDEX($E$24:$J$33,MATCH(N$3,$D$24:$D$33,0),MATCH($A$20,$E$23:$J$23,0)))/250,0) -> 0.048 | O19: =IFERROR((SUMIF($B$9:$F$9,$M19,$B$10:$F$10)*INDEX($E$24:$J$33,MATCH(O$3,$D$24:$D$33,0),MATCH($A$10,$E$23:$J$23,0))+SUMIF($B$11:$F$11,$M19,$B$12:$F$12)*INDEX($E$24:$J$33,MATCH(O$3,$D$24:$D$33,0),MATCH($A$12,$E$23:$J$23,0))+SUMIF($B$13:$F$13,$M19,$B$14:$F$14)*INDEX($E$24:$J$33,MATCH(O$3,$D$24:$D$33,0),MATCH($A$14,$E$23:$J$23,0))+SUMIF($B$15:$F$15,$M19,$B$16:$F$16)*INDEX($E$24:$J$33,MATCH(O$3,$D$24:$D$33,0),MATCH($A$16,$E$23:$J$23,0))+SUMIF($B$17:$F$17,$M19,$B$18:$F$18)*INDEX($E$24:$J$33,MATCH(O$3,$D$24:$D$33,0),MATCH($A$18,$E$23:$J$23,0))+SUMIF($B$19:$F$19,$M19,$B$20:$F$20)*INDEX($E$24:$J$33,MATCH(O$3,$D$24:$D$33,0),MATCH($A$20,$E$23:$J$23,0)))/250,0) -> 0.048 | P19: =IFERROR((SUMIF($B$9:$F$9,$M19,$B$10:$F$10)*INDEX($E$24:$J$33,MATCH(P$3,$D$24:$D$33,0),MATCH($A$10,$E$23:$J$23,0))+SUMIF($B$11:$F$11,$M19,$B$12:$F$12)*INDEX($E$24:$J$33,MATCH(P$3,$D$24:$D$33,0),MATCH($A$12,$E$23:$J$23,0))+SUMIF($B$13:$F$13,$M19,$B$14:$F$14)*INDEX($E$24:$J$33,MATCH(P$3,$D$24:$D$33,0),MATCH($A$14,$E$23:$J$23,0))+SUMIF($B$15:$F$15,$M19,$B$16:$F$16)*INDEX($E$24:$J$33,MATCH(P$3,$D$24:$D$33,0),MATCH($A$16,$E$23:$J$23,0))+SUMIF($B$17:$F$17,$M19,$B$18:$F$18)*INDEX($E$24:$J$33,MATCH(P$3,$D$24:$D$33,0),MATCH($A$18,$E$23:$J$23,0))+SUMIF($B$19:$F$19,$M19,$B$20:$F$20)*INDEX($E$24:$J$33,MATCH(P$3,$D$24:$D$33,0),MATCH($A$20,$E$23:$J$23,0)))/250,0) -> 0.036 | Q19: =IFERROR((SUMIF($B$9:$F$9,$M19,$B$10:$F$10)*INDEX($E$24:$J$33,MATCH(Q$3,$D$24:$D$33,0),MATCH($A$10,$E$23:$J$23,0))+SUMIF($B$11:$F$11,$M19,$B$12:$F$12)*INDEX($E$24:$J$33,MATCH(Q$3,$D$24:$D$33,0),MATCH($A$12,$E$23:$J$23,0))+SUMIF($B$13:$F$13,$M19,$B$14:$F$14)*INDEX($E$24:$J$33,MATCH(Q$3,$D$24:$D$33,0),MATCH($A$14,$E$23:$J$23,0))+SUMIF($B$15:$F$15,$M19,$B$16:$F$16)*INDEX($E$24:$J$33,MATCH(Q$3,$D$24:$D$33,0),MATCH($A$16,$E$23:$J$23,0))+SUMIF($B$17:$F$17,$M19,$B$18:$F$18)*INDEX($E$24:$J$33,MATCH(Q$3,$D$24:$D$33,0),MATCH($A$18,$E$23:$J$23,0))+SUMIF($B$19:$F$19,$M19,$B$20:$F$20)*INDEX($E$24:$J$33,MATCH(Q$3,$D$24:$D$33,0),MATCH($A$20,$E$23:$J$23,0)))/250,0) -> 0.036 | R19: =IFERROR((SUMIF($B$9:$F$9,$M19,$B$10:$F$10)*INDEX($E$24:$J$33,MATCH(R$3,$D$24:$D$33,0),MATCH($A$10,$E$23:$J$23,0))+SUMIF($B$11:$F$11,$M19,$B$12:$F$12)*INDEX($E$24:$J$33,MATCH(R$3,$D$24:$D$33,0),MATCH($A$12,$E$23:$J$23,0))+SUMIF($B$13:$F$13,$M19,$B$14:$F$14)*INDEX($E$24:$J$33,MATCH(R$3,$D$24:$D$33,0),MATCH($A$14,$E$23:$J$23,0))+SUMIF($B$15:$F$15,$M19,$B$16:$F$16)*INDEX($E$24:$J$33,MATCH(R$3,$D$24:$D$33,0),MATCH($A$16,$E$23:$J$23,0))+SUMIF($B$17:$F$17,$M19,$B$18:$F$18)*INDEX($E$24:$J$33,MATCH(R$3,$D$24:$D$33,0),MATCH($A$18,$E$23:$J$23,0))+SUMIF($B$19:$F$19,$M19,$B$20:$F$20)*INDEX($E$24:$J$33,MATCH(R$3,$D$24:$D$33,0),MATCH($A$20,$E$23:$J$23,0)))/250,0) -> 0.048 | S19: =IFERROR((SUMIF($B$9:$F$9,$M19,$B$10:$F$10)*INDEX($E$24:$J$33,MATCH(S$3,$D$24:$D$33,0),MATCH($A$10,$E$23:$J$23,0))+SUMIF($B$11:$F$11,$M19,$B$12:$F$12)*INDEX($E$24:$J$33,MATCH(S$3,$D$24:$D$33,0),MATCH($A$12,$E$23:$J$23,0))+SUMIF($B$13:$F$13,$M19,$B$14:$F$14)*INDEX($E$24:$J$33,MATCH(S$3,$D$24:$D$33,0),MATCH($A$14,$E$23:$J$23,0))+SUMIF($B$15:$F$15,$M19,$B$16:$F$16)*INDEX($E$24:$J$33,MATCH(S$3,$D$24:$D$33,0),MATCH($A$16,$E$23:$J$23,0))+SUMIF($B$17:$F$17,$M19,$B$18:$F$18)*INDEX($E$24:$J$33,MATCH(S$3,$D$24:$D$33,0),MATCH($A$18,$E$23:$J$23,0))+SUMIF($B$19:$F$19,$M19,$B$20:$F$20)*INDEX($E$24:$J$33,MATCH(S$3,$D$24:$D$33,0),MATCH($A$20,$E$23:$J$23,0)))/250,0) -> 0.048 | T19: =IFERROR((SUMIF($B$9:$F$9,$M19,$B$10:$F$10)*INDEX($E$24:$J$33,MATCH(T$3,$D$24:$D$33,0),MATCH($A$10,$E$23:$J$23,0))+SUMIF($B$11:$F$11,$M19,$B$12:$F$12)*INDEX($E$24:$J$33,MATCH(T$3,$D$24:$D$33,0),MATCH($A$12,$E$23:$J$23,0))+SUMIF($B$13:$F$13,$M19,$B$14:$F$14)*INDEX($E$24:$J$33,MATCH(T$3,$D$24:$D$33,0),MATCH($A$14,$E$23:$J$23,0))+SUMIF($B$15:$F$15,$M19,$B$16:$F$16)*INDEX($E$24:$J$33,MATCH(T$3,$D$24:$D$33,0),MATCH($A$16,$E$23:$J$23,0))+SUMIF($B$17:$F$17,$M19,$B$18:$F$18)*INDEX($E$24:$J$33,MATCH(T$3,$D$24:$D$33,0),MATCH($A$18,$E$23:$J$23,0))+SUMIF($B$19:$F$19,$M19,$B$20:$F$20)*INDEX($E$24:$J$33,MATCH(T$3,$D$24:$D$33,0),MATCH($A$20,$E$23:$J$23,0)))/250,0) -> 0.06 | U19: =IFERROR((SUMIF($B$9:$F$9,$M19,$B$10:$F$10)*INDEX($E$24:$J$33,MATCH(U$3,$D$24:$D$33,0),MATCH($A$10,$E$23:$J$23,0))+SUMIF($B$11:$F$11,$M19,$B$12:$F$12)*INDEX($E$24:$J$33,MATCH(U$3,$D$24:$D$33,0),MATCH($A$12,$E$23:$J$23,0))+SUMIF($B$13:$F$13,$M19,$B$14:$F$14)*INDEX($E$24:$J$33,MATCH(U$3,$D$24:$D$33,0),MATCH($A$14,$E$23:$J$23,0))+SUMIF($B$15:$F$15,$M19,$B$16:$F$16)*INDEX($E$24:$J$33,MATCH(U$3,$D$24:$D$33,0),MATCH($A$16,$E$23:$J$23,0))+SUMIF($B$17:$F$17,$M19,$B$18:$F$18)*INDEX($E$24:$J$33,MATCH(U$3,$D$24:$D$33,0),MATCH($A$18,$E$23:$J$23,0))+SUMIF($B$19:$F$19,$M19,$B$20:$F$20)*INDEX($E$24:$J$33,MATCH(U$3,$D$24:$D$33,0),MATCH($A$20,$E$23:$J$23,0)))/250,0) -> 0.06 | ... W19: =IFERROR((SUMIF($B$9:$F$9,$M19,$B$10:$F$10)*INDEX($E$24:$J$33,MATCH(W$3,$D$24:$D$33,0),MATCH($A$10,$E$23:$J$23,0))+SUMIF($B$11:$F$11,$M19,$B$12:$F$12)*INDEX($E$24:$J$33,MATCH(W$3,$D$24:$D$33,0),MATCH($A$12,$E$23:$J$23,0))+SUMIF($B$13:$F$13,$M19,$B$14:$F$14)*INDEX($E$24:$J$33,MATCH(W$3,$D$24:$D$33,0),MATCH($A$14,$E$23:$J$23,0))+SUMIF($B$15:$F$15,$M19,$B$16:$F$16)*INDEX($E$24:$J$33,MATCH(W$3,$D$24:$D$33,0),MATCH($A$16,$E$23:$J$23,0))+SUMIF($B$17:$F$17,$M19,$B$18:$F$18)*INDEX($E$24:$J$33,MATCH(W$3,$D$24:$D$33,0),MATCH($A$18,$E$23:$J$23,0))+SUMIF($B$19:$F$19,$M19,$B$20:$F$20)*INDEX($E$24:$J$33,MATCH(W$3,$D$24:$D$33,0),MATCH($A$20,$E$23:$J$23,0)))/250,0) -> 0.072 | Y19: Bruno Fernandes | Z19: BRUNO FERNANDES | AA19: 179 | AB19: 69 | AC19: =ROUND((AB19+AA19-100)/2,0) -> 74 | AD19: =AC19-AB19 -> 5 | AE19: Wikidata P2048 và hồ sơ CLB/giải đấu; có thể hiệu chỉnh
A20: DEF | B20: 2 | C20: 2 | D20: 1.5 | E20: 3 | F20: 1.5 | G20: =A21 / 10 -> 53.4 | H20: =ROUND(G20,0) -> 53 | M20: =$A40 -> JUM | N20: =IFERROR((SUMIF($B$9:$F$9,$M20,$B$10:$F$10)*INDEX($E$24:$J$33,MATCH(N$3,$D$24:$D$33,0),MATCH($A$10,$E$23:$J$23,0))+SUMIF($B$11:$F$11,$M20,$B$12:$F$12)*INDEX($E$24:$J$33,MATCH(N$3,$D$24:$D$33,0),MATCH($A$12,$E$23:$J$23,0))+SUMIF($B$13:$F$13,$M20,$B$14:$F$14)*INDEX($E$24:$J$33,MATCH(N$3,$D$24:$D$33,0),MATCH($A$14,$E$23:$J$23,0))+SUMIF($B$15:$F$15,$M20,$B$16:$F$16)*INDEX($E$24:$J$33,MATCH(N$3,$D$24:$D$33,0),MATCH($A$16,$E$23:$J$23,0))+SUMIF($B$17:$F$17,$M20,$B$18:$F$18)*INDEX($E$24:$J$33,MATCH(N$3,$D$24:$D$33,0),MATCH($A$18,$E$23:$J$23,0))+SUMIF($B$19:$F$19,$M20,$B$20:$F$20)*INDEX($E$24:$J$33,MATCH(N$3,$D$24:$D$33,0),MATCH($A$20,$E$23:$J$23,0)))/250,0) -> 0.016 | O20: =IFERROR((SUMIF($B$9:$F$9,$M20,$B$10:$F$10)*INDEX($E$24:$J$33,MATCH(O$3,$D$24:$D$33,0),MATCH($A$10,$E$23:$J$23,0))+SUMIF($B$11:$F$11,$M20,$B$12:$F$12)*INDEX($E$24:$J$33,MATCH(O$3,$D$24:$D$33,0),MATCH($A$12,$E$23:$J$23,0))+SUMIF($B$13:$F$13,$M20,$B$14:$F$14)*INDEX($E$24:$J$33,MATCH(O$3,$D$24:$D$33,0),MATCH($A$14,$E$23:$J$23,0))+SUMIF($B$15:$F$15,$M20,$B$16:$F$16)*INDEX($E$24:$J$33,MATCH(O$3,$D$24:$D$33,0),MATCH($A$16,$E$23:$J$23,0))+SUMIF($B$17:$F$17,$M20,$B$18:$F$18)*INDEX($E$24:$J$33,MATCH(O$3,$D$24:$D$33,0),MATCH($A$18,$E$23:$J$23,0))+SUMIF($B$19:$F$19,$M20,$B$20:$F$20)*INDEX($E$24:$J$33,MATCH(O$3,$D$24:$D$33,0),MATCH($A$20,$E$23:$J$23,0)))/250,0) -> 0.016 | P20: =IFERROR((SUMIF($B$9:$F$9,$M20,$B$10:$F$10)*INDEX($E$24:$J$33,MATCH(P$3,$D$24:$D$33,0),MATCH($A$10,$E$23:$J$23,0))+SUMIF($B$11:$F$11,$M20,$B$12:$F$12)*INDEX($E$24:$J$33,MATCH(P$3,$D$24:$D$33,0),MATCH($A$12,$E$23:$J$23,0))+SUMIF($B$13:$F$13,$M20,$B$14:$F$14)*INDEX($E$24:$J$33,MATCH(P$3,$D$24:$D$33,0),MATCH($A$14,$E$23:$J$23,0))+SUMIF($B$15:$F$15,$M20,$B$16:$F$16)*INDEX($E$24:$J$33,MATCH(P$3,$D$24:$D$33,0),MATCH($A$16,$E$23:$J$23,0))+SUMIF($B$17:$F$17,$M20,$B$18:$F$18)*INDEX($E$24:$J$33,MATCH(P$3,$D$24:$D$33,0),MATCH($A$18,$E$23:$J$23,0))+SUMIF($B$19:$F$19,$M20,$B$20:$F$20)*INDEX($E$24:$J$33,MATCH(P$3,$D$24:$D$33,0),MATCH($A$20,$E$23:$J$23,0)))/250,0) -> 0.012 | Q20: =IFERROR((SUMIF($B$9:$F$9,$M20,$B$10:$F$10)*INDEX($E$24:$J$33,MATCH(Q$3,$D$24:$D$33,0),MATCH($A$10,$E$23:$J$23,0))+SUMIF($B$11:$F$11,$M20,$B$12:$F$12)*INDEX($E$24:$J$33,MATCH(Q$3,$D$24:$D$33,0),MATCH($A$12,$E$23:$J$23,0))+SUMIF($B$13:$F$13,$M20,$B$14:$F$14)*INDEX($E$24:$J$33,MATCH(Q$3,$D$24:$D$33,0),MATCH($A$14,$E$23:$J$23,0))+SUMIF($B$15:$F$15,$M20,$B$16:$F$16)*INDEX($E$24:$J$33,MATCH(Q$3,$D$24:$D$33,0),MATCH($A$16,$E$23:$J$23,0))+SUMIF($B$17:$F$17,$M20,$B$18:$F$18)*INDEX($E$24:$J$33,MATCH(Q$3,$D$24:$D$33,0),MATCH($A$18,$E$23:$J$23,0))+SUMIF($B$19:$F$19,$M20,$B$20:$F$20)*INDEX($E$24:$J$33,MATCH(Q$3,$D$24:$D$33,0),MATCH($A$20,$E$23:$J$23,0)))/250,0) -> 0.012 | R20: =IFERROR((SUMIF($B$9:$F$9,$M20,$B$10:$F$10)*INDEX($E$24:$J$33,MATCH(R$3,$D$24:$D$33,0),MATCH($A$10,$E$23:$J$23,0))+SUMIF($B$11:$F$11,$M20,$B$12:$F$12)*INDEX($E$24:$J$33,MATCH(R$3,$D$24:$D$33,0),MATCH($A$12,$E$23:$J$23,0))+SUMIF($B$13:$F$13,$M20,$B$14:$F$14)*INDEX($E$24:$J$33,MATCH(R$3,$D$24:$D$33,0),MATCH($A$14,$E$23:$J$23,0))+SUMIF($B$15:$F$15,$M20,$B$16:$F$16)*INDEX($E$24:$J$33,MATCH(R$3,$D$24:$D$33,0),MATCH($A$16,$E$23:$J$23,0))+SUMIF($B$17:$F$17,$M20,$B$18:$F$18)*INDEX($E$24:$J$33,MATCH(R$3,$D$24:$D$33,0),MATCH($A$18,$E$23:$J$23,0))+SUMIF($B$19:$F$19,$M20,$B$20:$F$20)*INDEX($E$24:$J$33,MATCH(R$3,$D$24:$D$33,0),MATCH($A$20,$E$23:$J$23,0)))/250,0) -> 0.016 | S20: =IFERROR((SUMIF($B$9:$F$9,$M20,$B$10:$F$10)*INDEX($E$24:$J$33,MATCH(S$3,$D$24:$D$33,0),MATCH($A$10,$E$23:$J$23,0))+SUMIF($B$11:$F$11,$M20,$B$12:$F$12)*INDEX($E$24:$J$33,MATCH(S$3,$D$24:$D$33,0),MATCH($A$12,$E$23:$J$23,0))+SUMIF($B$13:$F$13,$M20,$B$14:$F$14)*INDEX($E$24:$J$33,MATCH(S$3,$D$24:$D$33,0),MATCH($A$14,$E$23:$J$23,0))+SUMIF($B$15:$F$15,$M20,$B$16:$F$16)*INDEX($E$24:$J$33,MATCH(S$3,$D$24:$D$33,0),MATCH($A$16,$E$23:$J$23,0))+SUMIF($B$17:$F$17,$M20,$B$18:$F$18)*INDEX($E$24:$J$33,MATCH(S$3,$D$24:$D$33,0),MATCH($A$18,$E$23:$J$23,0))+SUMIF($B$19:$F$19,$M20,$B$20:$F$20)*INDEX($E$24:$J$33,MATCH(S$3,$D$24:$D$33,0),MATCH($A$20,$E$23:$J$23,0)))/250,0) -> 0.016 | T20: =IFERROR((SUMIF($B$9:$F$9,$M20,$B$10:$F$10)*INDEX($E$24:$J$33,MATCH(T$3,$D$24:$D$33,0),MATCH($A$10,$E$23:$J$23,0))+SUMIF($B$11:$F$11,$M20,$B$12:$F$12)*INDEX($E$24:$J$33,MATCH(T$3,$D$24:$D$33,0),MATCH($A$12,$E$23:$J$23,0))+SUMIF($B$13:$F$13,$M20,$B$14:$F$14)*INDEX($E$24:$J$33,MATCH(T$3,$D$24:$D$33,0),MATCH($A$14,$E$23:$J$23,0))+SUMIF($B$15:$F$15,$M20,$B$16:$F$16)*INDEX($E$24:$J$33,MATCH(T$3,$D$24:$D$33,0),MATCH($A$16,$E$23:$J$23,0))+SUMIF($B$17:$F$17,$M20,$B$18:$F$18)*INDEX($E$24:$J$33,MATCH(T$3,$D$24:$D$33,0),MATCH($A$18,$E$23:$J$23,0))+SUMIF($B$19:$F$19,$M20,$B$20:$F$20)*INDEX($E$24:$J$33,MATCH(T$3,$D$24:$D$33,0),MATCH($A$20,$E$23:$J$23,0)))/250,0) -> 0.02 | U20: =IFERROR((SUMIF($B$9:$F$9,$M20,$B$10:$F$10)*INDEX($E$24:$J$33,MATCH(U$3,$D$24:$D$33,0),MATCH($A$10,$E$23:$J$23,0))+SUMIF($B$11:$F$11,$M20,$B$12:$F$12)*INDEX($E$24:$J$33,MATCH(U$3,$D$24:$D$33,0),MATCH($A$12,$E$23:$J$23,0))+SUMIF($B$13:$F$13,$M20,$B$14:$F$14)*INDEX($E$24:$J$33,MATCH(U$3,$D$24:$D$33,0),MATCH($A$14,$E$23:$J$23,0))+SUMIF($B$15:$F$15,$M20,$B$16:$F$16)*INDEX($E$24:$J$33,MATCH(U$3,$D$24:$D$33,0),MATCH($A$16,$E$23:$J$23,0))+SUMIF($B$17:$F$17,$M20,$B$18:$F$18)*INDEX($E$24:$J$33,MATCH(U$3,$D$24:$D$33,0),MATCH($A$18,$E$23:$J$23,0))+SUMIF($B$19:$F$19,$M20,$B$20:$F$20)*INDEX($E$24:$J$33,MATCH(U$3,$D$24:$D$33,0),MATCH($A$20,$E$23:$J$23,0)))/250,0) -> 0.02 | ... W20: =IFERROR((SUMIF($B$9:$F$9,$M20,$B$10:$F$10)*INDEX($E$24:$J$33,MATCH(W$3,$D$24:$D$33,0),MATCH($A$10,$E$23:$J$23,0))+SUMIF($B$11:$F$11,$M20,$B$12:$F$12)*INDEX($E$24:$J$33,MATCH(W$3,$D$24:$D$33,0),MATCH($A$12,$E$23:$J$23,0))+SUMIF($B$13:$F$13,$M20,$B$14:$F$14)*INDEX($E$24:$J$33,MATCH(W$3,$D$24:$D$33,0),MATCH($A$14,$E$23:$J$23,0))+SUMIF($B$15:$F$15,$M20,$B$16:$F$16)*INDEX($E$24:$J$33,MATCH(W$3,$D$24:$D$33,0),MATCH($A$16,$E$23:$J$23,0))+SUMIF($B$17:$F$17,$M20,$B$18:$F$18)*INDEX($E$24:$J$33,MATCH(W$3,$D$24:$D$33,0),MATCH($A$18,$E$23:$J$23,0))+SUMIF($B$19:$F$19,$M20,$B$20:$F$20)*INDEX($E$24:$J$33,MATCH(W$3,$D$24:$D$33,0),MATCH($A$20,$E$23:$J$23,0)))/250,0) -> 0.024 | Y20: Porro | Z20: PEDRO PORRO | AA20: 176 | AB20: 78 | AC20: =ROUND((AB20+AA20-100)/2,0) -> 77 | AD20: =AC20-AB20 -> -1 | AE20: Wikidata P2048 và hồ sơ CLB/giải đấu; có thể hiệu chỉnh
A21: =B43 * B20 + B44 * C20 + B45 * D20 + B46 * E20 + B27 * F20 -> 534 | M21: =$A41 -> CAM | N21: =IFERROR((SUMIF($B$9:$F$9,$M21,$B$10:$F$10)*INDEX($E$24:$J$33,MATCH(N$3,$D$24:$D$33,0),MATCH($A$10,$E$23:$J$23,0))+SUMIF($B$11:$F$11,$M21,$B$12:$F$12)*INDEX($E$24:$J$33,MATCH(N$3,$D$24:$D$33,0),MATCH($A$12,$E$23:$J$23,0))+SUMIF($B$13:$F$13,$M21,$B$14:$F$14)*INDEX($E$24:$J$33,MATCH(N$3,$D$24:$D$33,0),MATCH($A$14,$E$23:$J$23,0))+SUMIF($B$15:$F$15,$M21,$B$16:$F$16)*INDEX($E$24:$J$33,MATCH(N$3,$D$24:$D$33,0),MATCH($A$16,$E$23:$J$23,0))+SUMIF($B$17:$F$17,$M21,$B$18:$F$18)*INDEX($E$24:$J$33,MATCH(N$3,$D$24:$D$33,0),MATCH($A$18,$E$23:$J$23,0))+SUMIF($B$19:$F$19,$M21,$B$20:$F$20)*INDEX($E$24:$J$33,MATCH(N$3,$D$24:$D$33,0),MATCH($A$20,$E$23:$J$23,0)))/250,0) -> 0.032 | O21: =IFERROR((SUMIF($B$9:$F$9,$M21,$B$10:$F$10)*INDEX($E$24:$J$33,MATCH(O$3,$D$24:$D$33,0),MATCH($A$10,$E$23:$J$23,0))+SUMIF($B$11:$F$11,$M21,$B$12:$F$12)*INDEX($E$24:$J$33,MATCH(O$3,$D$24:$D$33,0),MATCH($A$12,$E$23:$J$23,0))+SUMIF($B$13:$F$13,$M21,$B$14:$F$14)*INDEX($E$24:$J$33,MATCH(O$3,$D$24:$D$33,0),MATCH($A$14,$E$23:$J$23,0))+SUMIF($B$15:$F$15,$M21,$B$16:$F$16)*INDEX($E$24:$J$33,MATCH(O$3,$D$24:$D$33,0),MATCH($A$16,$E$23:$J$23,0))+SUMIF($B$17:$F$17,$M21,$B$18:$F$18)*INDEX($E$24:$J$33,MATCH(O$3,$D$24:$D$33,0),MATCH($A$18,$E$23:$J$23,0))+SUMIF($B$19:$F$19,$M21,$B$20:$F$20)*INDEX($E$24:$J$33,MATCH(O$3,$D$24:$D$33,0),MATCH($A$20,$E$23:$J$23,0)))/250,0) -> 0.032 | P21: =IFERROR((SUMIF($B$9:$F$9,$M21,$B$10:$F$10)*INDEX($E$24:$J$33,MATCH(P$3,$D$24:$D$33,0),MATCH($A$10,$E$23:$J$23,0))+SUMIF($B$11:$F$11,$M21,$B$12:$F$12)*INDEX($E$24:$J$33,MATCH(P$3,$D$24:$D$33,0),MATCH($A$12,$E$23:$J$23,0))+SUMIF($B$13:$F$13,$M21,$B$14:$F$14)*INDEX($E$24:$J$33,MATCH(P$3,$D$24:$D$33,0),MATCH($A$14,$E$23:$J$23,0))+SUMIF($B$15:$F$15,$M21,$B$16:$F$16)*INDEX($E$24:$J$33,MATCH(P$3,$D$24:$D$33,0),MATCH($A$16,$E$23:$J$23,0))+SUMIF($B$17:$F$17,$M21,$B$18:$F$18)*INDEX($E$24:$J$33,MATCH(P$3,$D$24:$D$33,0),MATCH($A$18,$E$23:$J$23,0))+SUMIF($B$19:$F$19,$M21,$B$20:$F$20)*INDEX($E$24:$J$33,MATCH(P$3,$D$24:$D$33,0),MATCH($A$20,$E$23:$J$23,0)))/250,0) -> 0.032 | Q21: =IFERROR((SUMIF($B$9:$F$9,$M21,$B$10:$F$10)*INDEX($E$24:$J$33,MATCH(Q$3,$D$24:$D$33,0),MATCH($A$10,$E$23:$J$23,0))+SUMIF($B$11:$F$11,$M21,$B$12:$F$12)*INDEX($E$24:$J$33,MATCH(Q$3,$D$24:$D$33,0),MATCH($A$12,$E$23:$J$23,0))+SUMIF($B$13:$F$13,$M21,$B$14:$F$14)*INDEX($E$24:$J$33,MATCH(Q$3,$D$24:$D$33,0),MATCH($A$14,$E$23:$J$23,0))+SUMIF($B$15:$F$15,$M21,$B$16:$F$16)*INDEX($E$24:$J$33,MATCH(Q$3,$D$24:$D$33,0),MATCH($A$16,$E$23:$J$23,0))+SUMIF($B$17:$F$17,$M21,$B$18:$F$18)*INDEX($E$24:$J$33,MATCH(Q$3,$D$24:$D$33,0),MATCH($A$18,$E$23:$J$23,0))+SUMIF($B$19:$F$19,$M21,$B$20:$F$20)*INDEX($E$24:$J$33,MATCH(Q$3,$D$24:$D$33,0),MATCH($A$20,$E$23:$J$23,0)))/250,0) -> 0.032 | R21: =IFERROR((SUMIF($B$9:$F$9,$M21,$B$10:$F$10)*INDEX($E$24:$J$33,MATCH(R$3,$D$24:$D$33,0),MATCH($A$10,$E$23:$J$23,0))+SUMIF($B$11:$F$11,$M21,$B$12:$F$12)*INDEX($E$24:$J$33,MATCH(R$3,$D$24:$D$33,0),MATCH($A$12,$E$23:$J$23,0))+SUMIF($B$13:$F$13,$M21,$B$14:$F$14)*INDEX($E$24:$J$33,MATCH(R$3,$D$24:$D$33,0),MATCH($A$14,$E$23:$J$23,0))+SUMIF($B$15:$F$15,$M21,$B$16:$F$16)*INDEX($E$24:$J$33,MATCH(R$3,$D$24:$D$33,0),MATCH($A$16,$E$23:$J$23,0))+SUMIF($B$17:$F$17,$M21,$B$18:$F$18)*INDEX($E$24:$J$33,MATCH(R$3,$D$24:$D$33,0),MATCH($A$18,$E$23:$J$23,0))+SUMIF($B$19:$F$19,$M21,$B$20:$F$20)*INDEX($E$24:$J$33,MATCH(R$3,$D$24:$D$33,0),MATCH($A$20,$E$23:$J$23,0)))/250,0) -> 0.032 | S21: =IFERROR((SUMIF($B$9:$F$9,$M21,$B$10:$F$10)*INDEX($E$24:$J$33,MATCH(S$3,$D$24:$D$33,0),MATCH($A$10,$E$23:$J$23,0))+SUMIF($B$11:$F$11,$M21,$B$12:$F$12)*INDEX($E$24:$J$33,MATCH(S$3,$D$24:$D$33,0),MATCH($A$12,$E$23:$J$23,0))+SUMIF($B$13:$F$13,$M21,$B$14:$F$14)*INDEX($E$24:$J$33,MATCH(S$3,$D$24:$D$33,0),MATCH($A$14,$E$23:$J$23,0))+SUMIF($B$15:$F$15,$M21,$B$16:$F$16)*INDEX($E$24:$J$33,MATCH(S$3,$D$24:$D$33,0),MATCH($A$16,$E$23:$J$23,0))+SUMIF($B$17:$F$17,$M21,$B$18:$F$18)*INDEX($E$24:$J$33,MATCH(S$3,$D$24:$D$33,0),MATCH($A$18,$E$23:$J$23,0))+SUMIF($B$19:$F$19,$M21,$B$20:$F$20)*INDEX($E$24:$J$33,MATCH(S$3,$D$24:$D$33,0),MATCH($A$20,$E$23:$J$23,0)))/250,0) -> 0.032 | T21: =IFERROR((SUMIF($B$9:$F$9,$M21,$B$10:$F$10)*INDEX($E$24:$J$33,MATCH(T$3,$D$24:$D$33,0),MATCH($A$10,$E$23:$J$23,0))+SUMIF($B$11:$F$11,$M21,$B$12:$F$12)*INDEX($E$24:$J$33,MATCH(T$3,$D$24:$D$33,0),MATCH($A$12,$E$23:$J$23,0))+SUMIF($B$13:$F$13,$M21,$B$14:$F$14)*INDEX($E$24:$J$33,MATCH(T$3,$D$24:$D$33,0),MATCH($A$14,$E$23:$J$23,0))+SUMIF($B$15:$F$15,$M21,$B$16:$F$16)*INDEX($E$24:$J$33,MATCH(T$3,$D$24:$D$33,0),MATCH($A$16,$E$23:$J$23,0))+SUMIF($B$17:$F$17,$M21,$B$18:$F$18)*INDEX($E$24:$J$33,MATCH(T$3,$D$24:$D$33,0),MATCH($A$18,$E$23:$J$23,0))+SUMIF($B$19:$F$19,$M21,$B$20:$F$20)*INDEX($E$24:$J$33,MATCH(T$3,$D$24:$D$33,0),MATCH($A$20,$E$23:$J$23,0)))/250,0) -> 0.032 | U21: =IFERROR((SUMIF($B$9:$F$9,$M21,$B$10:$F$10)*INDEX($E$24:$J$33,MATCH(U$3,$D$24:$D$33,0),MATCH($A$10,$E$23:$J$23,0))+SUMIF($B$11:$F$11,$M21,$B$12:$F$12)*INDEX($E$24:$J$33,MATCH(U$3,$D$24:$D$33,0),MATCH($A$12,$E$23:$J$23,0))+SUMIF($B$13:$F$13,$M21,$B$14:$F$14)*INDEX($E$24:$J$33,MATCH(U$3,$D$24:$D$33,0),MATCH($A$14,$E$23:$J$23,0))+SUMIF($B$15:$F$15,$M21,$B$16:$F$16)*INDEX($E$24:$J$33,MATCH(U$3,$D$24:$D$33,0),MATCH($A$16,$E$23:$J$23,0))+SUMIF($B$17:$F$17,$M21,$B$18:$F$18)*INDEX($E$24:$J$33,MATCH(U$3,$D$24:$D$33,0),MATCH($A$18,$E$23:$J$23,0))+SUMIF($B$19:$F$19,$M21,$B$20:$F$20)*INDEX($E$24:$J$33,MATCH(U$3,$D$24:$D$33,0),MATCH($A$20,$E$23:$J$23,0)))/250,0) -> 0.032 | ... W21: =IFERROR((SUMIF($B$9:$F$9,$M21,$B$10:$F$10)*INDEX($E$24:$J$33,MATCH(W$3,$D$24:$D$33,0),MATCH($A$10,$E$23:$J$23,0))+SUMIF($B$11:$F$11,$M21,$B$12:$F$12)*INDEX($E$24:$J$33,MATCH(W$3,$D$24:$D$33,0),MATCH($A$12,$E$23:$J$23,0))+SUMIF($B$13:$F$13,$M21,$B$14:$F$14)*INDEX($E$24:$J$33,MATCH(W$3,$D$24:$D$33,0),MATCH($A$14,$E$23:$J$23,0))+SUMIF($B$15:$F$15,$M21,$B$16:$F$16)*INDEX($E$24:$J$33,MATCH(W$3,$D$24:$D$33,0),MATCH($A$16,$E$23:$J$23,0))+SUMIF($B$17:$F$17,$M21,$B$18:$F$18)*INDEX($E$24:$J$33,MATCH(W$3,$D$24:$D$33,0),MATCH($A$18,$E$23:$J$23,0))+SUMIF($B$19:$F$19,$M21,$B$20:$F$20)*INDEX($E$24:$J$33,MATCH(W$3,$D$24:$D$33,0),MATCH($A$20,$E$23:$J$23,0)))/250,0) -> 0.032 | Y21: Nuno Mendes | Z21: NUNO MENDES | AA21: 180 | AB21: 87 | AC21: =ROUND((AB21+AA21-100)/2,0) -> 84 | AD21: =AC21-AB21 -> -3 | AE21: Wikidata P2048 và hồ sơ CLB/giải đấu; có thể hiệu chỉnh
M22: =$A42 -> DEC | N22: =IFERROR((SUMIF($B$9:$F$9,$M22,$B$10:$F$10)*INDEX($E$24:$J$33,MATCH(N$3,$D$24:$D$33,0),MATCH($A$10,$E$23:$J$23,0))+SUMIF($B$11:$F$11,$M22,$B$12:$F$12)*INDEX($E$24:$J$33,MATCH(N$3,$D$24:$D$33,0),MATCH($A$12,$E$23:$J$23,0))+SUMIF($B$13:$F$13,$M22,$B$14:$F$14)*INDEX($E$24:$J$33,MATCH(N$3,$D$24:$D$33,0),MATCH($A$14,$E$23:$J$23,0))+SUMIF($B$15:$F$15,$M22,$B$16:$F$16)*INDEX($E$24:$J$33,MATCH(N$3,$D$24:$D$33,0),MATCH($A$16,$E$23:$J$23,0))+SUMIF($B$17:$F$17,$M22,$B$18:$F$18)*INDEX($E$24:$J$33,MATCH(N$3,$D$24:$D$33,0),MATCH($A$18,$E$23:$J$23,0))+SUMIF($B$19:$F$19,$M22,$B$20:$F$20)*INDEX($E$24:$J$33,MATCH(N$3,$D$24:$D$33,0),MATCH($A$20,$E$23:$J$23,0)))/250,0) -> 0.064 | O22: =IFERROR((SUMIF($B$9:$F$9,$M22,$B$10:$F$10)*INDEX($E$24:$J$33,MATCH(O$3,$D$24:$D$33,0),MATCH($A$10,$E$23:$J$23,0))+SUMIF($B$11:$F$11,$M22,$B$12:$F$12)*INDEX($E$24:$J$33,MATCH(O$3,$D$24:$D$33,0),MATCH($A$12,$E$23:$J$23,0))+SUMIF($B$13:$F$13,$M22,$B$14:$F$14)*INDEX($E$24:$J$33,MATCH(O$3,$D$24:$D$33,0),MATCH($A$14,$E$23:$J$23,0))+SUMIF($B$15:$F$15,$M22,$B$16:$F$16)*INDEX($E$24:$J$33,MATCH(O$3,$D$24:$D$33,0),MATCH($A$16,$E$23:$J$23,0))+SUMIF($B$17:$F$17,$M22,$B$18:$F$18)*INDEX($E$24:$J$33,MATCH(O$3,$D$24:$D$33,0),MATCH($A$18,$E$23:$J$23,0))+SUMIF($B$19:$F$19,$M22,$B$20:$F$20)*INDEX($E$24:$J$33,MATCH(O$3,$D$24:$D$33,0),MATCH($A$20,$E$23:$J$23,0)))/250,0) -> 0.064 | P22: =IFERROR((SUMIF($B$9:$F$9,$M22,$B$10:$F$10)*INDEX($E$24:$J$33,MATCH(P$3,$D$24:$D$33,0),MATCH($A$10,$E$23:$J$23,0))+SUMIF($B$11:$F$11,$M22,$B$12:$F$12)*INDEX($E$24:$J$33,MATCH(P$3,$D$24:$D$33,0),MATCH($A$12,$E$23:$J$23,0))+SUMIF($B$13:$F$13,$M22,$B$14:$F$14)*INDEX($E$24:$J$33,MATCH(P$3,$D$24:$D$33,0),MATCH($A$14,$E$23:$J$23,0))+SUMIF($B$15:$F$15,$M22,$B$16:$F$16)*INDEX($E$24:$J$33,MATCH(P$3,$D$24:$D$33,0),MATCH($A$16,$E$23:$J$23,0))+SUMIF($B$17:$F$17,$M22,$B$18:$F$18)*INDEX($E$24:$J$33,MATCH(P$3,$D$24:$D$33,0),MATCH($A$18,$E$23:$J$23,0))+SUMIF($B$19:$F$19,$M22,$B$20:$F$20)*INDEX($E$24:$J$33,MATCH(P$3,$D$24:$D$33,0),MATCH($A$20,$E$23:$J$23,0)))/250,0) -> 0.064 | Q22: =IFERROR((SUMIF($B$9:$F$9,$M22,$B$10:$F$10)*INDEX($E$24:$J$33,MATCH(Q$3,$D$24:$D$33,0),MATCH($A$10,$E$23:$J$23,0))+SUMIF($B$11:$F$11,$M22,$B$12:$F$12)*INDEX($E$24:$J$33,MATCH(Q$3,$D$24:$D$33,0),MATCH($A$12,$E$23:$J$23,0))+SUMIF($B$13:$F$13,$M22,$B$14:$F$14)*INDEX($E$24:$J$33,MATCH(Q$3,$D$24:$D$33,0),MATCH($A$14,$E$23:$J$23,0))+SUMIF($B$15:$F$15,$M22,$B$16:$F$16)*INDEX($E$24:$J$33,MATCH(Q$3,$D$24:$D$33,0),MATCH($A$16,$E$23:$J$23,0))+SUMIF($B$17:$F$17,$M22,$B$18:$F$18)*INDEX($E$24:$J$33,MATCH(Q$3,$D$24:$D$33,0),MATCH($A$18,$E$23:$J$23,0))+SUMIF($B$19:$F$19,$M22,$B$20:$F$20)*INDEX($E$24:$J$33,MATCH(Q$3,$D$24:$D$33,0),MATCH($A$20,$E$23:$J$23,0)))/250,0) -> 0.064 | R22: =IFERROR((SUMIF($B$9:$F$9,$M22,$B$10:$F$10)*INDEX($E$24:$J$33,MATCH(R$3,$D$24:$D$33,0),MATCH($A$10,$E$23:$J$23,0))+SUMIF($B$11:$F$11,$M22,$B$12:$F$12)*INDEX($E$24:$J$33,MATCH(R$3,$D$24:$D$33,0),MATCH($A$12,$E$23:$J$23,0))+SUMIF($B$13:$F$13,$M22,$B$14:$F$14)*INDEX($E$24:$J$33,MATCH(R$3,$D$24:$D$33,0),MATCH($A$14,$E$23:$J$23,0))+SUMIF($B$15:$F$15,$M22,$B$16:$F$16)*INDEX($E$24:$J$33,MATCH(R$3,$D$24:$D$33,0),MATCH($A$16,$E$23:$J$23,0))+SUMIF($B$17:$F$17,$M22,$B$18:$F$18)*INDEX($E$24:$J$33,MATCH(R$3,$D$24:$D$33,0),MATCH($A$18,$E$23:$J$23,0))+SUMIF($B$19:$F$19,$M22,$B$20:$F$20)*INDEX($E$24:$J$33,MATCH(R$3,$D$24:$D$33,0),MATCH($A$20,$E$23:$J$23,0)))/250,0) -> 0.064 | S22: =IFERROR((SUMIF($B$9:$F$9,$M22,$B$10:$F$10)*INDEX($E$24:$J$33,MATCH(S$3,$D$24:$D$33,0),MATCH($A$10,$E$23:$J$23,0))+SUMIF($B$11:$F$11,$M22,$B$12:$F$12)*INDEX($E$24:$J$33,MATCH(S$3,$D$24:$D$33,0),MATCH($A$12,$E$23:$J$23,0))+SUMIF($B$13:$F$13,$M22,$B$14:$F$14)*INDEX($E$24:$J$33,MATCH(S$3,$D$24:$D$33,0),MATCH($A$14,$E$23:$J$23,0))+SUMIF($B$15:$F$15,$M22,$B$16:$F$16)*INDEX($E$24:$J$33,MATCH(S$3,$D$24:$D$33,0),MATCH($A$16,$E$23:$J$23,0))+SUMIF($B$17:$F$17,$M22,$B$18:$F$18)*INDEX($E$24:$J$33,MATCH(S$3,$D$24:$D$33,0),MATCH($A$18,$E$23:$J$23,0))+SUMIF($B$19:$F$19,$M22,$B$20:$F$20)*INDEX($E$24:$J$33,MATCH(S$3,$D$24:$D$33,0),MATCH($A$20,$E$23:$J$23,0)))/250,0) -> 0.064 | T22: =IFERROR((SUMIF($B$9:$F$9,$M22,$B$10:$F$10)*INDEX($E$24:$J$33,MATCH(T$3,$D$24:$D$33,0),MATCH($A$10,$E$23:$J$23,0))+SUMIF($B$11:$F$11,$M22,$B$12:$F$12)*INDEX($E$24:$J$33,MATCH(T$3,$D$24:$D$33,0),MATCH($A$12,$E$23:$J$23,0))+SUMIF($B$13:$F$13,$M22,$B$14:$F$14)*INDEX($E$24:$J$33,MATCH(T$3,$D$24:$D$33,0),MATCH($A$14,$E$23:$J$23,0))+SUMIF($B$15:$F$15,$M22,$B$16:$F$16)*INDEX($E$24:$J$33,MATCH(T$3,$D$24:$D$33,0),MATCH($A$16,$E$23:$J$23,0))+SUMIF($B$17:$F$17,$M22,$B$18:$F$18)*INDEX($E$24:$J$33,MATCH(T$3,$D$24:$D$33,0),MATCH($A$18,$E$23:$J$23,0))+SUMIF($B$19:$F$19,$M22,$B$20:$F$20)*INDEX($E$24:$J$33,MATCH(T$3,$D$24:$D$33,0),MATCH($A$20,$E$23:$J$23,0)))/250,0) -> 0.064 | U22: =IFERROR((SUMIF($B$9:$F$9,$M22,$B$10:$F$10)*INDEX($E$24:$J$33,MATCH(U$3,$D$24:$D$33,0),MATCH($A$10,$E$23:$J$23,0))+SUMIF($B$11:$F$11,$M22,$B$12:$F$12)*INDEX($E$24:$J$33,MATCH(U$3,$D$24:$D$33,0),MATCH($A$12,$E$23:$J$23,0))+SUMIF($B$13:$F$13,$M22,$B$14:$F$14)*INDEX($E$24:$J$33,MATCH(U$3,$D$24:$D$33,0),MATCH($A$14,$E$23:$J$23,0))+SUMIF($B$15:$F$15,$M22,$B$16:$F$16)*INDEX($E$24:$J$33,MATCH(U$3,$D$24:$D$33,0),MATCH($A$16,$E$23:$J$23,0))+SUMIF($B$17:$F$17,$M22,$B$18:$F$18)*INDEX($E$24:$J$33,MATCH(U$3,$D$24:$D$33,0),MATCH($A$18,$E$23:$J$23,0))+SUMIF($B$19:$F$19,$M22,$B$20:$F$20)*INDEX($E$24:$J$33,MATCH(U$3,$D$24:$D$33,0),MATCH($A$20,$E$23:$J$23,0)))/250,0) -> 0.064 | ... W22: =IFERROR((SUMIF($B$9:$F$9,$M22,$B$10:$F$10)*INDEX($E$24:$J$33,MATCH(W$3,$D$24:$D$33,0),MATCH($A$10,$E$23:$J$23,0))+SUMIF($B$11:$F$11,$M22,$B$12:$F$12)*INDEX($E$24:$J$33,MATCH(W$3,$D$24:$D$33,0),MATCH($A$12,$E$23:$J$23,0))+SUMIF($B$13:$F$13,$M22,$B$14:$F$14)*INDEX($E$24:$J$33,MATCH(W$3,$D$24:$D$33,0),MATCH($A$14,$E$23:$J$23,0))+SUMIF($B$15:$F$15,$M22,$B$16:$F$16)*INDEX($E$24:$J$33,MATCH(W$3,$D$24:$D$33,0),MATCH($A$16,$E$23:$J$23,0))+SUMIF($B$17:$F$17,$M22,$B$18:$F$18)*INDEX($E$24:$J$33,MATCH(W$3,$D$24:$D$33,0),MATCH($A$18,$E$23:$J$23,0))+SUMIF($B$19:$F$19,$M22,$B$20:$F$20)*INDEX($E$24:$J$33,MATCH(W$3,$D$24:$D$33,0),MATCH($A$20,$E$23:$J$23,0)))/250,0) -> 0.064 | Y22: Udogie | Z22: DESTINY UDOGIE | AA22: 187 | AB22: 85 | AC22: =ROUND((AB22+AA22-100)/2,0) -> 86 | AD22: =AC22-AB22 -> 1 | AE22: Wikidata P2048 và hồ sơ CLB/giải đấu; có thể hiệu chỉnh
B23: Messi Icon | D23: POS | E23: ATK | F23: CRE | G23: DIS | H23: PHY | I23: MEN | J23: DEF | M23: =$A43 -> INT | N23: =IFERROR((SUMIF($B$9:$F$9,$M23,$B$10:$F$10)*INDEX($E$24:$J$33,MATCH(N$3,$D$24:$D$33,0),MATCH($A$10,$E$23:$J$23,0))+SUMIF($B$11:$F$11,$M23,$B$12:$F$12)*INDEX($E$24:$J$33,MATCH(N$3,$D$24:$D$33,0),MATCH($A$12,$E$23:$J$23,0))+SUMIF($B$13:$F$13,$M23,$B$14:$F$14)*INDEX($E$24:$J$33,MATCH(N$3,$D$24:$D$33,0),MATCH($A$14,$E$23:$J$23,0))+SUMIF($B$15:$F$15,$M23,$B$16:$F$16)*INDEX($E$24:$J$33,MATCH(N$3,$D$24:$D$33,0),MATCH($A$16,$E$23:$J$23,0))+SUMIF($B$17:$F$17,$M23,$B$18:$F$18)*INDEX($E$24:$J$33,MATCH(N$3,$D$24:$D$33,0),MATCH($A$18,$E$23:$J$23,0))+SUMIF($B$19:$F$19,$M23,$B$20:$F$20)*INDEX($E$24:$J$33,MATCH(N$3,$D$24:$D$33,0),MATCH($A$20,$E$23:$J$23,0)))/250,0) -> 0.008 | O23: =IFERROR((SUMIF($B$9:$F$9,$M23,$B$10:$F$10)*INDEX($E$24:$J$33,MATCH(O$3,$D$24:$D$33,0),MATCH($A$10,$E$23:$J$23,0))+SUMIF($B$11:$F$11,$M23,$B$12:$F$12)*INDEX($E$24:$J$33,MATCH(O$3,$D$24:$D$33,0),MATCH($A$12,$E$23:$J$23,0))+SUMIF($B$13:$F$13,$M23,$B$14:$F$14)*INDEX($E$24:$J$33,MATCH(O$3,$D$24:$D$33,0),MATCH($A$14,$E$23:$J$23,0))+SUMIF($B$15:$F$15,$M23,$B$16:$F$16)*INDEX($E$24:$J$33,MATCH(O$3,$D$24:$D$33,0),MATCH($A$16,$E$23:$J$23,0))+SUMIF($B$17:$F$17,$M23,$B$18:$F$18)*INDEX($E$24:$J$33,MATCH(O$3,$D$24:$D$33,0),MATCH($A$18,$E$23:$J$23,0))+SUMIF($B$19:$F$19,$M23,$B$20:$F$20)*INDEX($E$24:$J$33,MATCH(O$3,$D$24:$D$33,0),MATCH($A$20,$E$23:$J$23,0)))/250,0) -> 0.008 | P23: =IFERROR((SUMIF($B$9:$F$9,$M23,$B$10:$F$10)*INDEX($E$24:$J$33,MATCH(P$3,$D$24:$D$33,0),MATCH($A$10,$E$23:$J$23,0))+SUMIF($B$11:$F$11,$M23,$B$12:$F$12)*INDEX($E$24:$J$33,MATCH(P$3,$D$24:$D$33,0),MATCH($A$12,$E$23:$J$23,0))+SUMIF($B$13:$F$13,$M23,$B$14:$F$14)*INDEX($E$24:$J$33,MATCH(P$3,$D$24:$D$33,0),MATCH($A$14,$E$23:$J$23,0))+SUMIF($B$15:$F$15,$M23,$B$16:$F$16)*INDEX($E$24:$J$33,MATCH(P$3,$D$24:$D$33,0),MATCH($A$16,$E$23:$J$23,0))+SUMIF($B$17:$F$17,$M23,$B$18:$F$18)*INDEX($E$24:$J$33,MATCH(P$3,$D$24:$D$33,0),MATCH($A$18,$E$23:$J$23,0))+SUMIF($B$19:$F$19,$M23,$B$20:$F$20)*INDEX($E$24:$J$33,MATCH(P$3,$D$24:$D$33,0),MATCH($A$20,$E$23:$J$23,0)))/250,0) -> 0.008 | Q23: =IFERROR((SUMIF($B$9:$F$9,$M23,$B$10:$F$10)*INDEX($E$24:$J$33,MATCH(Q$3,$D$24:$D$33,0),MATCH($A$10,$E$23:$J$23,0))+SUMIF($B$11:$F$11,$M23,$B$12:$F$12)*INDEX($E$24:$J$33,MATCH(Q$3,$D$24:$D$33,0),MATCH($A$12,$E$23:$J$23,0))+SUMIF($B$13:$F$13,$M23,$B$14:$F$14)*INDEX($E$24:$J$33,MATCH(Q$3,$D$24:$D$33,0),MATCH($A$14,$E$23:$J$23,0))+SUMIF($B$15:$F$15,$M23,$B$16:$F$16)*INDEX($E$24:$J$33,MATCH(Q$3,$D$24:$D$33,0),MATCH($A$16,$E$23:$J$23,0))+SUMIF($B$17:$F$17,$M23,$B$18:$F$18)*INDEX($E$24:$J$33,MATCH(Q$3,$D$24:$D$33,0),MATCH($A$18,$E$23:$J$23,0))+SUMIF($B$19:$F$19,$M23,$B$20:$F$20)*INDEX($E$24:$J$33,MATCH(Q$3,$D$24:$D$33,0),MATCH($A$20,$E$23:$J$23,0)))/250,0) -> 0.008 | R23: =IFERROR((SUMIF($B$9:$F$9,$M23,$B$10:$F$10)*INDEX($E$24:$J$33,MATCH(R$3,$D$24:$D$33,0),MATCH($A$10,$E$23:$J$23,0))+SUMIF($B$11:$F$11,$M23,$B$12:$F$12)*INDEX($E$24:$J$33,MATCH(R$3,$D$24:$D$33,0),MATCH($A$12,$E$23:$J$23,0))+SUMIF($B$13:$F$13,$M23,$B$14:$F$14)*INDEX($E$24:$J$33,MATCH(R$3,$D$24:$D$33,0),MATCH($A$14,$E$23:$J$23,0))+SUMIF($B$15:$F$15,$M23,$B$16:$F$16)*INDEX($E$24:$J$33,MATCH(R$3,$D$24:$D$33,0),MATCH($A$16,$E$23:$J$23,0))+SUMIF($B$17:$F$17,$M23,$B$18:$F$18)*INDEX($E$24:$J$33,MATCH(R$3,$D$24:$D$33,0),MATCH($A$18,$E$23:$J$23,0))+SUMIF($B$19:$F$19,$M23,$B$20:$F$20)*INDEX($E$24:$J$33,MATCH(R$3,$D$24:$D$33,0),MATCH($A$20,$E$23:$J$23,0)))/250,0) -> 0.024 | S23: =IFERROR((SUMIF($B$9:$F$9,$M23,$B$10:$F$10)*INDEX($E$24:$J$33,MATCH(S$3,$D$24:$D$33,0),MATCH($A$10,$E$23:$J$23,0))+SUMIF($B$11:$F$11,$M23,$B$12:$F$12)*INDEX($E$24:$J$33,MATCH(S$3,$D$24:$D$33,0),MATCH($A$12,$E$23:$J$23,0))+SUMIF($B$13:$F$13,$M23,$B$14:$F$14)*INDEX($E$24:$J$33,MATCH(S$3,$D$24:$D$33,0),MATCH($A$14,$E$23:$J$23,0))+SUMIF($B$15:$F$15,$M23,$B$16:$F$16)*INDEX($E$24:$J$33,MATCH(S$3,$D$24:$D$33,0),MATCH($A$16,$E$23:$J$23,0))+SUMIF($B$17:$F$17,$M23,$B$18:$F$18)*INDEX($E$24:$J$33,MATCH(S$3,$D$24:$D$33,0),MATCH($A$18,$E$23:$J$23,0))+SUMIF($B$19:$F$19,$M23,$B$20:$F$20)*INDEX($E$24:$J$33,MATCH(S$3,$D$24:$D$33,0),MATCH($A$20,$E$23:$J$23,0)))/250,0) -> 0.032 | T23: =IFERROR((SUMIF($B$9:$F$9,$M23,$B$10:$F$10)*INDEX($E$24:$J$33,MATCH(T$3,$D$24:$D$33,0),MATCH($A$10,$E$23:$J$23,0))+SUMIF($B$11:$F$11,$M23,$B$12:$F$12)*INDEX($E$24:$J$33,MATCH(T$3,$D$24:$D$33,0),MATCH($A$12,$E$23:$J$23,0))+SUMIF($B$13:$F$13,$M23,$B$14:$F$14)*INDEX($E$24:$J$33,MATCH(T$3,$D$24:$D$33,0),MATCH($A$14,$E$23:$J$23,0))+SUMIF($B$15:$F$15,$M23,$B$16:$F$16)*INDEX($E$24:$J$33,MATCH(T$3,$D$24:$D$33,0),MATCH($A$16,$E$23:$J$23,0))+SUMIF($B$17:$F$17,$M23,$B$18:$F$18)*INDEX($E$24:$J$33,MATCH(T$3,$D$24:$D$33,0),MATCH($A$18,$E$23:$J$23,0))+SUMIF($B$19:$F$19,$M23,$B$20:$F$20)*INDEX($E$24:$J$33,MATCH(T$3,$D$24:$D$33,0),MATCH($A$20,$E$23:$J$23,0)))/250,0) -> 0.048 | U23: =IFERROR((SUMIF($B$9:$F$9,$M23,$B$10:$F$10)*INDEX($E$24:$J$33,MATCH(U$3,$D$24:$D$33,0),MATCH($A$10,$E$23:$J$23,0))+SUMIF($B$11:$F$11,$M23,$B$12:$F$12)*INDEX($E$24:$J$33,MATCH(U$3,$D$24:$D$33,0),MATCH($A$12,$E$23:$J$23,0))+SUMIF($B$13:$F$13,$M23,$B$14:$F$14)*INDEX($E$24:$J$33,MATCH(U$3,$D$24:$D$33,0),MATCH($A$14,$E$23:$J$23,0))+SUMIF($B$15:$F$15,$M23,$B$16:$F$16)*INDEX($E$24:$J$33,MATCH(U$3,$D$24:$D$33,0),MATCH($A$16,$E$23:$J$23,0))+SUMIF($B$17:$F$17,$M23,$B$18:$F$18)*INDEX($E$24:$J$33,MATCH(U$3,$D$24:$D$33,0),MATCH($A$18,$E$23:$J$23,0))+SUMIF($B$19:$F$19,$M23,$B$20:$F$20)*INDEX($E$24:$J$33,MATCH(U$3,$D$24:$D$33,0),MATCH($A$20,$E$23:$J$23,0)))/250,0) -> 0.032 | ... W23: =IFERROR((SUMIF($B$9:$F$9,$M23,$B$10:$F$10)*INDEX($E$24:$J$33,MATCH(W$3,$D$24:$D$33,0),MATCH($A$10,$E$23:$J$23,0))+SUMIF($B$11:$F$11,$M23,$B$12:$F$12)*INDEX($E$24:$J$33,MATCH(W$3,$D$24:$D$33,0),MATCH($A$12,$E$23:$J$23,0))+SUMIF($B$13:$F$13,$M23,$B$14:$F$14)*INDEX($E$24:$J$33,MATCH(W$3,$D$24:$D$33,0),MATCH($A$14,$E$23:$J$23,0))+SUMIF($B$15:$F$15,$M23,$B$16:$F$16)*INDEX($E$24:$J$33,MATCH(W$3,$D$24:$D$33,0),MATCH($A$16,$E$23:$J$23,0))+SUMIF($B$17:$F$17,$M23,$B$18:$F$18)*INDEX($E$24:$J$33,MATCH(W$3,$D$24:$D$33,0),MATCH($A$18,$E$23:$J$23,0))+SUMIF($B$19:$F$19,$M23,$B$20:$F$20)*INDEX($E$24:$J$33,MATCH(W$3,$D$24:$D$33,0),MATCH($A$20,$E$23:$J$23,0)))/250,0) -> 0.072 | Y23: Yamal | Z23: LAMINE YAMAL | AA23: 180 | AB23: 60 | AC23: =ROUND((AB23+AA23-100)/2,0) -> 70 | AD23: =AC23-AB23 -> 10 | AE23: Wikidata P2048 và hồ sơ CLB/giải đấu; có thể hiệu chỉnh
A24: FIN | B24: 94 | D24: ST | E24: 8 | F24: 5 | G24: 3 | H24: 4 | I24: 4 | J24: 1 | K24: =SUM(E24:J24) -> 25 | M24: =$A44 -> TAC | N24: =IFERROR((SUMIF($B$9:$F$9,$M24,$B$10:$F$10)*INDEX($E$24:$J$33,MATCH(N$3,$D$24:$D$33,0),MATCH($A$10,$E$23:$J$23,0))+SUMIF($B$11:$F$11,$M24,$B$12:$F$12)*INDEX($E$24:$J$33,MATCH(N$3,$D$24:$D$33,0),MATCH($A$12,$E$23:$J$23,0))+SUMIF($B$13:$F$13,$M24,$B$14:$F$14)*INDEX($E$24:$J$33,MATCH(N$3,$D$24:$D$33,0),MATCH($A$14,$E$23:$J$23,0))+SUMIF($B$15:$F$15,$M24,$B$16:$F$16)*INDEX($E$24:$J$33,MATCH(N$3,$D$24:$D$33,0),MATCH($A$16,$E$23:$J$23,0))+SUMIF($B$17:$F$17,$M24,$B$18:$F$18)*INDEX($E$24:$J$33,MATCH(N$3,$D$24:$D$33,0),MATCH($A$18,$E$23:$J$23,0))+SUMIF($B$19:$F$19,$M24,$B$20:$F$20)*INDEX($E$24:$J$33,MATCH(N$3,$D$24:$D$33,0),MATCH($A$20,$E$23:$J$23,0)))/250,0) -> 0.008 | O24: =IFERROR((SUMIF($B$9:$F$9,$M24,$B$10:$F$10)*INDEX($E$24:$J$33,MATCH(O$3,$D$24:$D$33,0),MATCH($A$10,$E$23:$J$23,0))+SUMIF($B$11:$F$11,$M24,$B$12:$F$12)*INDEX($E$24:$J$33,MATCH(O$3,$D$24:$D$33,0),MATCH($A$12,$E$23:$J$23,0))+SUMIF($B$13:$F$13,$M24,$B$14:$F$14)*INDEX($E$24:$J$33,MATCH(O$3,$D$24:$D$33,0),MATCH($A$14,$E$23:$J$23,0))+SUMIF($B$15:$F$15,$M24,$B$16:$F$16)*INDEX($E$24:$J$33,MATCH(O$3,$D$24:$D$33,0),MATCH($A$16,$E$23:$J$23,0))+SUMIF($B$17:$F$17,$M24,$B$18:$F$18)*INDEX($E$24:$J$33,MATCH(O$3,$D$24:$D$33,0),MATCH($A$18,$E$23:$J$23,0))+SUMIF($B$19:$F$19,$M24,$B$20:$F$20)*INDEX($E$24:$J$33,MATCH(O$3,$D$24:$D$33,0),MATCH($A$20,$E$23:$J$23,0)))/250,0) -> 0.008 | P24: =IFERROR((SUMIF($B$9:$F$9,$M24,$B$10:$F$10)*INDEX($E$24:$J$33,MATCH(P$3,$D$24:$D$33,0),MATCH($A$10,$E$23:$J$23,0))+SUMIF($B$11:$F$11,$M24,$B$12:$F$12)*INDEX($E$24:$J$33,MATCH(P$3,$D$24:$D$33,0),MATCH($A$12,$E$23:$J$23,0))+SUMIF($B$13:$F$13,$M24,$B$14:$F$14)*INDEX($E$24:$J$33,MATCH(P$3,$D$24:$D$33,0),MATCH($A$14,$E$23:$J$23,0))+SUMIF($B$15:$F$15,$M24,$B$16:$F$16)*INDEX($E$24:$J$33,MATCH(P$3,$D$24:$D$33,0),MATCH($A$16,$E$23:$J$23,0))+SUMIF($B$17:$F$17,$M24,$B$18:$F$18)*INDEX($E$24:$J$33,MATCH(P$3,$D$24:$D$33,0),MATCH($A$18,$E$23:$J$23,0))+SUMIF($B$19:$F$19,$M24,$B$20:$F$20)*INDEX($E$24:$J$33,MATCH(P$3,$D$24:$D$33,0),MATCH($A$20,$E$23:$J$23,0)))/250,0) -> 0.008 | Q24: =IFERROR((SUMIF($B$9:$F$9,$M24,$B$10:$F$10)*INDEX($E$24:$J$33,MATCH(Q$3,$D$24:$D$33,0),MATCH($A$10,$E$23:$J$23,0))+SUMIF($B$11:$F$11,$M24,$B$12:$F$12)*INDEX($E$24:$J$33,MATCH(Q$3,$D$24:$D$33,0),MATCH($A$12,$E$23:$J$23,0))+SUMIF($B$13:$F$13,$M24,$B$14:$F$14)*INDEX($E$24:$J$33,MATCH(Q$3,$D$24:$D$33,0),MATCH($A$14,$E$23:$J$23,0))+SUMIF($B$15:$F$15,$M24,$B$16:$F$16)*INDEX($E$24:$J$33,MATCH(Q$3,$D$24:$D$33,0),MATCH($A$16,$E$23:$J$23,0))+SUMIF($B$17:$F$17,$M24,$B$18:$F$18)*INDEX($E$24:$J$33,MATCH(Q$3,$D$24:$D$33,0),MATCH($A$18,$E$23:$J$23,0))+SUMIF($B$19:$F$19,$M24,$B$20:$F$20)*INDEX($E$24:$J$33,MATCH(Q$3,$D$24:$D$33,0),MATCH($A$20,$E$23:$J$23,0)))/250,0) -> 0.008 | R24: =IFERROR((SUMIF($B$9:$F$9,$M24,$B$10:$F$10)*INDEX($E$24:$J$33,MATCH(R$3,$D$24:$D$33,0),MATCH($A$10,$E$23:$J$23,0))+SUMIF($B$11:$F$11,$M24,$B$12:$F$12)*INDEX($E$24:$J$33,MATCH(R$3,$D$24:$D$33,0),MATCH($A$12,$E$23:$J$23,0))+SUMIF($B$13:$F$13,$M24,$B$14:$F$14)*INDEX($E$24:$J$33,MATCH(R$3,$D$24:$D$33,0),MATCH($A$14,$E$23:$J$23,0))+SUMIF($B$15:$F$15,$M24,$B$16:$F$16)*INDEX($E$24:$J$33,MATCH(R$3,$D$24:$D$33,0),MATCH($A$16,$E$23:$J$23,0))+SUMIF($B$17:$F$17,$M24,$B$18:$F$18)*INDEX($E$24:$J$33,MATCH(R$3,$D$24:$D$33,0),MATCH($A$18,$E$23:$J$23,0))+SUMIF($B$19:$F$19,$M24,$B$20:$F$20)*INDEX($E$24:$J$33,MATCH(R$3,$D$24:$D$33,0),MATCH($A$20,$E$23:$J$23,0)))/250,0) -> 0.024 | S24: =IFERROR((SUMIF($B$9:$F$9,$M24,$B$10:$F$10)*INDEX($E$24:$J$33,MATCH(S$3,$D$24:$D$33,0),MATCH($A$10,$E$23:$J$23,0))+SUMIF($B$11:$F$11,$M24,$B$12:$F$12)*INDEX($E$24:$J$33,MATCH(S$3,$D$24:$D$33,0),MATCH($A$12,$E$23:$J$23,0))+SUMIF($B$13:$F$13,$M24,$B$14:$F$14)*INDEX($E$24:$J$33,MATCH(S$3,$D$24:$D$33,0),MATCH($A$14,$E$23:$J$23,0))+SUMIF($B$15:$F$15,$M24,$B$16:$F$16)*INDEX($E$24:$J$33,MATCH(S$3,$D$24:$D$33,0),MATCH($A$16,$E$23:$J$23,0))+SUMIF($B$17:$F$17,$M24,$B$18:$F$18)*INDEX($E$24:$J$33,MATCH(S$3,$D$24:$D$33,0),MATCH($A$18,$E$23:$J$23,0))+SUMIF($B$19:$F$19,$M24,$B$20:$F$20)*INDEX($E$24:$J$33,MATCH(S$3,$D$24:$D$33,0),MATCH($A$20,$E$23:$J$23,0)))/250,0) -> 0.032 | T24: =IFERROR((SUMIF($B$9:$F$9,$M24,$B$10:$F$10)*INDEX($E$24:$J$33,MATCH(T$3,$D$24:$D$33,0),MATCH($A$10,$E$23:$J$23,0))+SUMIF($B$11:$F$11,$M24,$B$12:$F$12)*INDEX($E$24:$J$33,MATCH(T$3,$D$24:$D$33,0),MATCH($A$12,$E$23:$J$23,0))+SUMIF($B$13:$F$13,$M24,$B$14:$F$14)*INDEX($E$24:$J$33,MATCH(T$3,$D$24:$D$33,0),MATCH($A$14,$E$23:$J$23,0))+SUMIF($B$15:$F$15,$M24,$B$16:$F$16)*INDEX($E$24:$J$33,MATCH(T$3,$D$24:$D$33,0),MATCH($A$16,$E$23:$J$23,0))+SUMIF($B$17:$F$17,$M24,$B$18:$F$18)*INDEX($E$24:$J$33,MATCH(T$3,$D$24:$D$33,0),MATCH($A$18,$E$23:$J$23,0))+SUMIF($B$19:$F$19,$M24,$B$20:$F$20)*INDEX($E$24:$J$33,MATCH(T$3,$D$24:$D$33,0),MATCH($A$20,$E$23:$J$23,0)))/250,0) -> 0.048 | U24: =IFERROR((SUMIF($B$9:$F$9,$M24,$B$10:$F$10)*INDEX($E$24:$J$33,MATCH(U$3,$D$24:$D$33,0),MATCH($A$10,$E$23:$J$23,0))+SUMIF($B$11:$F$11,$M24,$B$12:$F$12)*INDEX($E$24:$J$33,MATCH(U$3,$D$24:$D$33,0),MATCH($A$12,$E$23:$J$23,0))+SUMIF($B$13:$F$13,$M24,$B$14:$F$14)*INDEX($E$24:$J$33,MATCH(U$3,$D$24:$D$33,0),MATCH($A$14,$E$23:$J$23,0))+SUMIF($B$15:$F$15,$M24,$B$16:$F$16)*INDEX($E$24:$J$33,MATCH(U$3,$D$24:$D$33,0),MATCH($A$16,$E$23:$J$23,0))+SUMIF($B$17:$F$17,$M24,$B$18:$F$18)*INDEX($E$24:$J$33,MATCH(U$3,$D$24:$D$33,0),MATCH($A$18,$E$23:$J$23,0))+SUMIF($B$19:$F$19,$M24,$B$20:$F$20)*INDEX($E$24:$J$33,MATCH(U$3,$D$24:$D$33,0),MATCH($A$20,$E$23:$J$23,0)))/250,0) -> 0.032 | ... W24: =IFERROR((SUMIF($B$9:$F$9,$M24,$B$10:$F$10)*INDEX($E$24:$J$33,MATCH(W$3,$D$24:$D$33,0),MATCH($A$10,$E$23:$J$23,0))+SUMIF($B$11:$F$11,$M24,$B$12:$F$12)*INDEX($E$24:$J$33,MATCH(W$3,$D$24:$D$33,0),MATCH($A$12,$E$23:$J$23,0))+SUMIF($B$13:$F$13,$M24,$B$14:$F$14)*INDEX($E$24:$J$33,MATCH(W$3,$D$24:$D$33,0),MATCH($A$14,$E$23:$J$23,0))+SUMIF($B$15:$F$15,$M24,$B$16:$F$16)*INDEX($E$24:$J$33,MATCH(W$3,$D$24:$D$33,0),MATCH($A$16,$E$23:$J$23,0))+SUMIF($B$17:$F$17,$M24,$B$18:$F$18)*INDEX($E$24:$J$33,MATCH(W$3,$D$24:$D$33,0),MATCH($A$18,$E$23:$J$23,0))+SUMIF($B$19:$F$19,$M24,$B$20:$F$20)*INDEX($E$24:$J$33,MATCH(W$3,$D$24:$D$33,0),MATCH($A$20,$E$23:$J$23,0)))/250,0) -> 0.072 | Y24: Ben Davies prime | Z24: BEN DAVIES | AA24: 181 | AB24: 75 | AC24: =ROUND((AB24+AA24-100)/2,0) -> 78 | AD24: =AC24-AB24 -> 3 | AE24: Wikidata P2048 và hồ sơ CLB/giải đấu; có thể hiệu chỉnh
A25: LSH | B25: 90 | D25: CF | E25: 6 | F25: 6 | G25: 4 | H25: 4 | I25: 4 | J25: 1 | K25: =SUM(E25:J25) -> 25 | M25: =$A45 -> SLD | N25: =IFERROR((SUMIF($B$9:$F$9,$M25,$B$10:$F$10)*INDEX($E$24:$J$33,MATCH(N$3,$D$24:$D$33,0),MATCH($A$10,$E$23:$J$23,0))+SUMIF($B$11:$F$11,$M25,$B$12:$F$12)*INDEX($E$24:$J$33,MATCH(N$3,$D$24:$D$33,0),MATCH($A$12,$E$23:$J$23,0))+SUMIF($B$13:$F$13,$M25,$B$14:$F$14)*INDEX($E$24:$J$33,MATCH(N$3,$D$24:$D$33,0),MATCH($A$14,$E$23:$J$23,0))+SUMIF($B$15:$F$15,$M25,$B$16:$F$16)*INDEX($E$24:$J$33,MATCH(N$3,$D$24:$D$33,0),MATCH($A$16,$E$23:$J$23,0))+SUMIF($B$17:$F$17,$M25,$B$18:$F$18)*INDEX($E$24:$J$33,MATCH(N$3,$D$24:$D$33,0),MATCH($A$18,$E$23:$J$23,0))+SUMIF($B$19:$F$19,$M25,$B$20:$F$20)*INDEX($E$24:$J$33,MATCH(N$3,$D$24:$D$33,0),MATCH($A$20,$E$23:$J$23,0)))/250,0) -> 0.006 | O25: =IFERROR((SUMIF($B$9:$F$9,$M25,$B$10:$F$10)*INDEX($E$24:$J$33,MATCH(O$3,$D$24:$D$33,0),MATCH($A$10,$E$23:$J$23,0))+SUMIF($B$11:$F$11,$M25,$B$12:$F$12)*INDEX($E$24:$J$33,MATCH(O$3,$D$24:$D$33,0),MATCH($A$12,$E$23:$J$23,0))+SUMIF($B$13:$F$13,$M25,$B$14:$F$14)*INDEX($E$24:$J$33,MATCH(O$3,$D$24:$D$33,0),MATCH($A$14,$E$23:$J$23,0))+SUMIF($B$15:$F$15,$M25,$B$16:$F$16)*INDEX($E$24:$J$33,MATCH(O$3,$D$24:$D$33,0),MATCH($A$16,$E$23:$J$23,0))+SUMIF($B$17:$F$17,$M25,$B$18:$F$18)*INDEX($E$24:$J$33,MATCH(O$3,$D$24:$D$33,0),MATCH($A$18,$E$23:$J$23,0))+SUMIF($B$19:$F$19,$M25,$B$20:$F$20)*INDEX($E$24:$J$33,MATCH(O$3,$D$24:$D$33,0),MATCH($A$20,$E$23:$J$23,0)))/250,0) -> 0.006 | P25: =IFERROR((SUMIF($B$9:$F$9,$M25,$B$10:$F$10)*INDEX($E$24:$J$33,MATCH(P$3,$D$24:$D$33,0),MATCH($A$10,$E$23:$J$23,0))+SUMIF($B$11:$F$11,$M25,$B$12:$F$12)*INDEX($E$24:$J$33,MATCH(P$3,$D$24:$D$33,0),MATCH($A$12,$E$23:$J$23,0))+SUMIF($B$13:$F$13,$M25,$B$14:$F$14)*INDEX($E$24:$J$33,MATCH(P$3,$D$24:$D$33,0),MATCH($A$14,$E$23:$J$23,0))+SUMIF($B$15:$F$15,$M25,$B$16:$F$16)*INDEX($E$24:$J$33,MATCH(P$3,$D$24:$D$33,0),MATCH($A$16,$E$23:$J$23,0))+SUMIF($B$17:$F$17,$M25,$B$18:$F$18)*INDEX($E$24:$J$33,MATCH(P$3,$D$24:$D$33,0),MATCH($A$18,$E$23:$J$23,0))+SUMIF($B$19:$F$19,$M25,$B$20:$F$20)*INDEX($E$24:$J$33,MATCH(P$3,$D$24:$D$33,0),MATCH($A$20,$E$23:$J$23,0)))/250,0) -> 0.006 | Q25: =IFERROR((SUMIF($B$9:$F$9,$M25,$B$10:$F$10)*INDEX($E$24:$J$33,MATCH(Q$3,$D$24:$D$33,0),MATCH($A$10,$E$23:$J$23,0))+SUMIF($B$11:$F$11,$M25,$B$12:$F$12)*INDEX($E$24:$J$33,MATCH(Q$3,$D$24:$D$33,0),MATCH($A$12,$E$23:$J$23,0))+SUMIF($B$13:$F$13,$M25,$B$14:$F$14)*INDEX($E$24:$J$33,MATCH(Q$3,$D$24:$D$33,0),MATCH($A$14,$E$23:$J$23,0))+SUMIF($B$15:$F$15,$M25,$B$16:$F$16)*INDEX($E$24:$J$33,MATCH(Q$3,$D$24:$D$33,0),MATCH($A$16,$E$23:$J$23,0))+SUMIF($B$17:$F$17,$M25,$B$18:$F$18)*INDEX($E$24:$J$33,MATCH(Q$3,$D$24:$D$33,0),MATCH($A$18,$E$23:$J$23,0))+SUMIF($B$19:$F$19,$M25,$B$20:$F$20)*INDEX($E$24:$J$33,MATCH(Q$3,$D$24:$D$33,0),MATCH($A$20,$E$23:$J$23,0)))/250,0) -> 0.006 | R25: =IFERROR((SUMIF($B$9:$F$9,$M25,$B$10:$F$10)*INDEX($E$24:$J$33,MATCH(R$3,$D$24:$D$33,0),MATCH($A$10,$E$23:$J$23,0))+SUMIF($B$11:$F$11,$M25,$B$12:$F$12)*INDEX($E$24:$J$33,MATCH(R$3,$D$24:$D$33,0),MATCH($A$12,$E$23:$J$23,0))+SUMIF($B$13:$F$13,$M25,$B$14:$F$14)*INDEX($E$24:$J$33,MATCH(R$3,$D$24:$D$33,0),MATCH($A$14,$E$23:$J$23,0))+SUMIF($B$15:$F$15,$M25,$B$16:$F$16)*INDEX($E$24:$J$33,MATCH(R$3,$D$24:$D$33,0),MATCH($A$16,$E$23:$J$23,0))+SUMIF($B$17:$F$17,$M25,$B$18:$F$18)*INDEX($E$24:$J$33,MATCH(R$3,$D$24:$D$33,0),MATCH($A$18,$E$23:$J$23,0))+SUMIF($B$19:$F$19,$M25,$B$20:$F$20)*INDEX($E$24:$J$33,MATCH(R$3,$D$24:$D$33,0),MATCH($A$20,$E$23:$J$23,0)))/250,0) -> 0.018 | S25: =IFERROR((SUMIF($B$9:$F$9,$M25,$B$10:$F$10)*INDEX($E$24:$J$33,MATCH(S$3,$D$24:$D$33,0),MATCH($A$10,$E$23:$J$23,0))+SUMIF($B$11:$F$11,$M25,$B$12:$F$12)*INDEX($E$24:$J$33,MATCH(S$3,$D$24:$D$33,0),MATCH($A$12,$E$23:$J$23,0))+SUMIF($B$13:$F$13,$M25,$B$14:$F$14)*INDEX($E$24:$J$33,MATCH(S$3,$D$24:$D$33,0),MATCH($A$14,$E$23:$J$23,0))+SUMIF($B$15:$F$15,$M25,$B$16:$F$16)*INDEX($E$24:$J$33,MATCH(S$3,$D$24:$D$33,0),MATCH($A$16,$E$23:$J$23,0))+SUMIF($B$17:$F$17,$M25,$B$18:$F$18)*INDEX($E$24:$J$33,MATCH(S$3,$D$24:$D$33,0),MATCH($A$18,$E$23:$J$23,0))+SUMIF($B$19:$F$19,$M25,$B$20:$F$20)*INDEX($E$24:$J$33,MATCH(S$3,$D$24:$D$33,0),MATCH($A$20,$E$23:$J$23,0)))/250,0) -> 0.024 | T25: =IFERROR((SUMIF($B$9:$F$9,$M25,$B$10:$F$10)*INDEX($E$24:$J$33,MATCH(T$3,$D$24:$D$33,0),MATCH($A$10,$E$23:$J$23,0))+SUMIF($B$11:$F$11,$M25,$B$12:$F$12)*INDEX($E$24:$J$33,MATCH(T$3,$D$24:$D$33,0),MATCH($A$12,$E$23:$J$23,0))+SUMIF($B$13:$F$13,$M25,$B$14:$F$14)*INDEX($E$24:$J$33,MATCH(T$3,$D$24:$D$33,0),MATCH($A$14,$E$23:$J$23,0))+SUMIF($B$15:$F$15,$M25,$B$16:$F$16)*INDEX($E$24:$J$33,MATCH(T$3,$D$24:$D$33,0),MATCH($A$16,$E$23:$J$23,0))+SUMIF($B$17:$F$17,$M25,$B$18:$F$18)*INDEX($E$24:$J$33,MATCH(T$3,$D$24:$D$33,0),MATCH($A$18,$E$23:$J$23,0))+SUMIF($B$19:$F$19,$M25,$B$20:$F$20)*INDEX($E$24:$J$33,MATCH(T$3,$D$24:$D$33,0),MATCH($A$20,$E$23:$J$23,0)))/250,0) -> 0.036 | U25: =IFERROR((SUMIF($B$9:$F$9,$M25,$B$10:$F$10)*INDEX($E$24:$J$33,MATCH(U$3,$D$24:$D$33,0),MATCH($A$10,$E$23:$J$23,0))+SUMIF($B$11:$F$11,$M25,$B$12:$F$12)*INDEX($E$24:$J$33,MATCH(U$3,$D$24:$D$33,0),MATCH($A$12,$E$23:$J$23,0))+SUMIF($B$13:$F$13,$M25,$B$14:$F$14)*INDEX($E$24:$J$33,MATCH(U$3,$D$24:$D$33,0),MATCH($A$14,$E$23:$J$23,0))+SUMIF($B$15:$F$15,$M25,$B$16:$F$16)*INDEX($E$24:$J$33,MATCH(U$3,$D$24:$D$33,0),MATCH($A$16,$E$23:$J$23,0))+SUMIF($B$17:$F$17,$M25,$B$18:$F$18)*INDEX($E$24:$J$33,MATCH(U$3,$D$24:$D$33,0),MATCH($A$18,$E$23:$J$23,0))+SUMIF($B$19:$F$19,$M25,$B$20:$F$20)*INDEX($E$24:$J$33,MATCH(U$3,$D$24:$D$33,0),MATCH($A$20,$E$23:$J$23,0)))/250,0) -> 0.024 | ... W25: =IFERROR((SUMIF($B$9:$F$9,$M25,$B$10:$F$10)*INDEX($E$24:$J$33,MATCH(W$3,$D$24:$D$33,0),MATCH($A$10,$E$23:$J$23,0))+SUMIF($B$11:$F$11,$M25,$B$12:$F$12)*INDEX($E$24:$J$33,MATCH(W$3,$D$24:$D$33,0),MATCH($A$12,$E$23:$J$23,0))+SUMIF($B$13:$F$13,$M25,$B$14:$F$14)*INDEX($E$24:$J$33,MATCH(W$3,$D$24:$D$33,0),MATCH($A$14,$E$23:$J$23,0))+SUMIF($B$15:$F$15,$M25,$B$16:$F$16)*INDEX($E$24:$J$33,MATCH(W$3,$D$24:$D$33,0),MATCH($A$16,$E$23:$J$23,0))+SUMIF($B$17:$F$17,$M25,$B$18:$F$18)*INDEX($E$24:$J$33,MATCH(W$3,$D$24:$D$33,0),MATCH($A$18,$E$23:$J$23,0))+SUMIF($B$19:$F$19,$M25,$B$20:$F$20)*INDEX($E$24:$J$33,MATCH(W$3,$D$24:$D$33,0),MATCH($A$20,$E$23:$J$23,0)))/250,0) -> 0.054 | Y25: Mbappe | Z25: KYLIAN MBAPPÉ | AA25: 178 | AB25: 81 | AC25: =ROUND((AB25+AA25-100)/2,0) -> 80 | AD25: =AC25-AB25 -> -1 | AE25: Wikidata P2048 và hồ sơ CLB/giải đấu; có thể hiệu chỉnh
A26: POS | B26: 93 | D26: WF | E26: 6 | F26: 7 | G26: 4 | H26: 3 | I26: 4 | J26: 1 | K26: =SUM(E26:J26) -> 25 | M26: =$A46 -> COV | N26: =IFERROR((SUMIF($B$9:$F$9,$M26,$B$10:$F$10)*INDEX($E$24:$J$33,MATCH(N$3,$D$24:$D$33,0),MATCH($A$10,$E$23:$J$23,0))+SUMIF($B$11:$F$11,$M26,$B$12:$F$12)*INDEX($E$24:$J$33,MATCH(N$3,$D$24:$D$33,0),MATCH($A$12,$E$23:$J$23,0))+SUMIF($B$13:$F$13,$M26,$B$14:$F$14)*INDEX($E$24:$J$33,MATCH(N$3,$D$24:$D$33,0),MATCH($A$14,$E$23:$J$23,0))+SUMIF($B$15:$F$15,$M26,$B$16:$F$16)*INDEX($E$24:$J$33,MATCH(N$3,$D$24:$D$33,0),MATCH($A$16,$E$23:$J$23,0))+SUMIF($B$17:$F$17,$M26,$B$18:$F$18)*INDEX($E$24:$J$33,MATCH(N$3,$D$24:$D$33,0),MATCH($A$18,$E$23:$J$23,0))+SUMIF($B$19:$F$19,$M26,$B$20:$F$20)*INDEX($E$24:$J$33,MATCH(N$3,$D$24:$D$33,0),MATCH($A$20,$E$23:$J$23,0)))/250,0) -> 0.012 | O26: =IFERROR((SUMIF($B$9:$F$9,$M26,$B$10:$F$10)*INDEX($E$24:$J$33,MATCH(O$3,$D$24:$D$33,0),MATCH($A$10,$E$23:$J$23,0))+SUMIF($B$11:$F$11,$M26,$B$12:$F$12)*INDEX($E$24:$J$33,MATCH(O$3,$D$24:$D$33,0),MATCH($A$12,$E$23:$J$23,0))+SUMIF($B$13:$F$13,$M26,$B$14:$F$14)*INDEX($E$24:$J$33,MATCH(O$3,$D$24:$D$33,0),MATCH($A$14,$E$23:$J$23,0))+SUMIF($B$15:$F$15,$M26,$B$16:$F$16)*INDEX($E$24:$J$33,MATCH(O$3,$D$24:$D$33,0),MATCH($A$16,$E$23:$J$23,0))+SUMIF($B$17:$F$17,$M26,$B$18:$F$18)*INDEX($E$24:$J$33,MATCH(O$3,$D$24:$D$33,0),MATCH($A$18,$E$23:$J$23,0))+SUMIF($B$19:$F$19,$M26,$B$20:$F$20)*INDEX($E$24:$J$33,MATCH(O$3,$D$24:$D$33,0),MATCH($A$20,$E$23:$J$23,0)))/250,0) -> 0.012 | P26: =IFERROR((SUMIF($B$9:$F$9,$M26,$B$10:$F$10)*INDEX($E$24:$J$33,MATCH(P$3,$D$24:$D$33,0),MATCH($A$10,$E$23:$J$23,0))+SUMIF($B$11:$F$11,$M26,$B$12:$F$12)*INDEX($E$24:$J$33,MATCH(P$3,$D$24:$D$33,0),MATCH($A$12,$E$23:$J$23,0))+SUMIF($B$13:$F$13,$M26,$B$14:$F$14)*INDEX($E$24:$J$33,MATCH(P$3,$D$24:$D$33,0),MATCH($A$14,$E$23:$J$23,0))+SUMIF($B$15:$F$15,$M26,$B$16:$F$16)*INDEX($E$24:$J$33,MATCH(P$3,$D$24:$D$33,0),MATCH($A$16,$E$23:$J$23,0))+SUMIF($B$17:$F$17,$M26,$B$18:$F$18)*INDEX($E$24:$J$33,MATCH(P$3,$D$24:$D$33,0),MATCH($A$18,$E$23:$J$23,0))+SUMIF($B$19:$F$19,$M26,$B$20:$F$20)*INDEX($E$24:$J$33,MATCH(P$3,$D$24:$D$33,0),MATCH($A$20,$E$23:$J$23,0)))/250,0) -> 0.012 | Q26: =IFERROR((SUMIF($B$9:$F$9,$M26,$B$10:$F$10)*INDEX($E$24:$J$33,MATCH(Q$3,$D$24:$D$33,0),MATCH($A$10,$E$23:$J$23,0))+SUMIF($B$11:$F$11,$M26,$B$12:$F$12)*INDEX($E$24:$J$33,MATCH(Q$3,$D$24:$D$33,0),MATCH($A$12,$E$23:$J$23,0))+SUMIF($B$13:$F$13,$M26,$B$14:$F$14)*INDEX($E$24:$J$33,MATCH(Q$3,$D$24:$D$33,0),MATCH($A$14,$E$23:$J$23,0))+SUMIF($B$15:$F$15,$M26,$B$16:$F$16)*INDEX($E$24:$J$33,MATCH(Q$3,$D$24:$D$33,0),MATCH($A$16,$E$23:$J$23,0))+SUMIF($B$17:$F$17,$M26,$B$18:$F$18)*INDEX($E$24:$J$33,MATCH(Q$3,$D$24:$D$33,0),MATCH($A$18,$E$23:$J$23,0))+SUMIF($B$19:$F$19,$M26,$B$20:$F$20)*INDEX($E$24:$J$33,MATCH(Q$3,$D$24:$D$33,0),MATCH($A$20,$E$23:$J$23,0)))/250,0) -> 0.012 | R26: =IFERROR((SUMIF($B$9:$F$9,$M26,$B$10:$F$10)*INDEX($E$24:$J$33,MATCH(R$3,$D$24:$D$33,0),MATCH($A$10,$E$23:$J$23,0))+SUMIF($B$11:$F$11,$M26,$B$12:$F$12)*INDEX($E$24:$J$33,MATCH(R$3,$D$24:$D$33,0),MATCH($A$12,$E$23:$J$23,0))+SUMIF($B$13:$F$13,$M26,$B$14:$F$14)*INDEX($E$24:$J$33,MATCH(R$3,$D$24:$D$33,0),MATCH($A$14,$E$23:$J$23,0))+SUMIF($B$15:$F$15,$M26,$B$16:$F$16)*INDEX($E$24:$J$33,MATCH(R$3,$D$24:$D$33,0),MATCH($A$16,$E$23:$J$23,0))+SUMIF($B$17:$F$17,$M26,$B$18:$F$18)*INDEX($E$24:$J$33,MATCH(R$3,$D$24:$D$33,0),MATCH($A$18,$E$23:$J$23,0))+SUMIF($B$19:$F$19,$M26,$B$20:$F$20)*INDEX($E$24:$J$33,MATCH(R$3,$D$24:$D$33,0),MATCH($A$20,$E$23:$J$23,0)))/250,0) -> 0.036 | S26: =IFERROR((SUMIF($B$9:$F$9,$M26,$B$10:$F$10)*INDEX($E$24:$J$33,MATCH(S$3,$D$24:$D$33,0),MATCH($A$10,$E$23:$J$23,0))+SUMIF($B$11:$F$11,$M26,$B$12:$F$12)*INDEX($E$24:$J$33,MATCH(S$3,$D$24:$D$33,0),MATCH($A$12,$E$23:$J$23,0))+SUMIF($B$13:$F$13,$M26,$B$14:$F$14)*INDEX($E$24:$J$33,MATCH(S$3,$D$24:$D$33,0),MATCH($A$14,$E$23:$J$23,0))+SUMIF($B$15:$F$15,$M26,$B$16:$F$16)*INDEX($E$24:$J$33,MATCH(S$3,$D$24:$D$33,0),MATCH($A$16,$E$23:$J$23,0))+SUMIF($B$17:$F$17,$M26,$B$18:$F$18)*INDEX($E$24:$J$33,MATCH(S$3,$D$24:$D$33,0),MATCH($A$18,$E$23:$J$23,0))+SUMIF($B$19:$F$19,$M26,$B$20:$F$20)*INDEX($E$24:$J$33,MATCH(S$3,$D$24:$D$33,0),MATCH($A$20,$E$23:$J$23,0)))/250,0) -> 0.048 | T26: =IFERROR((SUMIF($B$9:$F$9,$M26,$B$10:$F$10)*INDEX($E$24:$J$33,MATCH(T$3,$D$24:$D$33,0),MATCH($A$10,$E$23:$J$23,0))+SUMIF($B$11:$F$11,$M26,$B$12:$F$12)*INDEX($E$24:$J$33,MATCH(T$3,$D$24:$D$33,0),MATCH($A$12,$E$23:$J$23,0))+SUMIF($B$13:$F$13,$M26,$B$14:$F$14)*INDEX($E$24:$J$33,MATCH(T$3,$D$24:$D$33,0),MATCH($A$14,$E$23:$J$23,0))+SUMIF($B$15:$F$15,$M26,$B$16:$F$16)*INDEX($E$24:$J$33,MATCH(T$3,$D$24:$D$33,0),MATCH($A$16,$E$23:$J$23,0))+SUMIF($B$17:$F$17,$M26,$B$18:$F$18)*INDEX($E$24:$J$33,MATCH(T$3,$D$24:$D$33,0),MATCH($A$18,$E$23:$J$23,0))+SUMIF($B$19:$F$19,$M26,$B$20:$F$20)*INDEX($E$24:$J$33,MATCH(T$3,$D$24:$D$33,0),MATCH($A$20,$E$23:$J$23,0)))/250,0) -> 0.072 | U26: =IFERROR((SUMIF($B$9:$F$9,$M26,$B$10:$F$10)*INDEX($E$24:$J$33,MATCH(U$3,$D$24:$D$33,0),MATCH($A$10,$E$23:$J$23,0))+SUMIF($B$11:$F$11,$M26,$B$12:$F$12)*INDEX($E$24:$J$33,MATCH(U$3,$D$24:$D$33,0),MATCH($A$12,$E$23:$J$23,0))+SUMIF($B$13:$F$13,$M26,$B$14:$F$14)*INDEX($E$24:$J$33,MATCH(U$3,$D$24:$D$33,0),MATCH($A$14,$E$23:$J$23,0))+SUMIF($B$15:$F$15,$M26,$B$16:$F$16)*INDEX($E$24:$J$33,MATCH(U$3,$D$24:$D$33,0),MATCH($A$16,$E$23:$J$23,0))+SUMIF($B$17:$F$17,$M26,$B$18:$F$18)*INDEX($E$24:$J$33,MATCH(U$3,$D$24:$D$33,0),MATCH($A$18,$E$23:$J$23,0))+SUMIF($B$19:$F$19,$M26,$B$20:$F$20)*INDEX($E$24:$J$33,MATCH(U$3,$D$24:$D$33,0),MATCH($A$20,$E$23:$J$23,0)))/250,0) -> 0.048 | ... W26: =IFERROR((SUMIF($B$9:$F$9,$M26,$B$10:$F$10)*INDEX($E$24:$J$33,MATCH(W$3,$D$24:$D$33,0),MATCH($A$10,$E$23:$J$23,0))+SUMIF($B$11:$F$11,$M26,$B$12:$F$12)*INDEX($E$24:$J$33,MATCH(W$3,$D$24:$D$33,0),MATCH($A$12,$E$23:$J$23,0))+SUMIF($B$13:$F$13,$M26,$B$14:$F$14)*INDEX($E$24:$J$33,MATCH(W$3,$D$24:$D$33,0),MATCH($A$14,$E$23:$J$23,0))+SUMIF($B$15:$F$15,$M26,$B$16:$F$16)*INDEX($E$24:$J$33,MATCH(W$3,$D$24:$D$33,0),MATCH($A$16,$E$23:$J$23,0))+SUMIF($B$17:$F$17,$M26,$B$18:$F$18)*INDEX($E$24:$J$33,MATCH(W$3,$D$24:$D$33,0),MATCH($A$18,$E$23:$J$23,0))+SUMIF($B$19:$F$19,$M26,$B$20:$F$20)*INDEX($E$24:$J$33,MATCH(W$3,$D$24:$D$33,0),MATCH($A$20,$E$23:$J$23,0)))/250,0) -> 0.108 | Y26: Haland | Z26: ERLING HAALAND | AA26: 195 | AB26: 90 | AC26: =ROUND((AB26+AA26-100)/2,0) -> 93 | AD26: =AC26-AB26 -> 3 | AE26: Wikidata P2048 và hồ sơ CLB/giải đấu; có thể hiệu chỉnh
A27: HEA | B27: 71 | D27: AM | E27: 4 | F27: 6 | G27: 7 | H27: 3 | I27: 4 | J27: 1 | K27: =SUM(E27:J27) -> 25 | M27: TỔNG | N27: =SUM(N4:N26) -> 1 | O27: =SUM(O4:O26) -> 1 | P27: =SUM(P4:P26) -> 1 | Q27: =SUM(Q4:Q26) -> 1 | R27: =SUM(R4:R26) -> 1 | S27: =SUM(S4:S26) -> 1 | T27: =SUM(T4:T26) -> 1 | U27: =SUM(U4:U26) -> 1 | ... W27: =SUM(W4:W26) -> 1 | Y27: Doku | Z27: JÉRÉMY DOKU | AA27: 173 | AB27: 74 | AC27: =ROUND((AB27+AA27-100)/2,0) -> 74 | AD27: =AC27-AB27 -> 0 | AE27: Wikidata P2048 và hồ sơ CLB/giải đấu; có thể hiệu chỉnh
A28: CRO | B28: 87 | D28: WM | E28: 3 | F28: 7 | G28: 4 | H28: 4 | I28: 4 | J28: 3 | K28: =SUM(E28:J28) -> 25 | Y28: Savinho | Z28: SAVINHO | AA28: 176 | AB28: 65 | AC28: =ROUND((AB28+AA28-100)/2,0) -> 71 | AD28: =AC28-AB28 -> 6 | AE28: Wikidata P2048 và hồ sơ CLB/giải đấu; có thể hiệu chỉnh
A29: SPA | B29: 88 | D29: CM | E29: 2 | F29: 3 | G29: 8 | H29: 4 | I29: 4 | J29: 4 | K29: =SUM(E29:J29) -> 25 | Y29: Marmoush | Z29: OMAR MARMOUSH | AA29: 183 | AB29: 80 | AC29: =ROUND((AB29+AA29-100)/2,0) -> 82 | AD29: =AC29-AB29 -> 2 | AE29: Wikidata P2048 và hồ sơ CLB/giải đấu; có thể hiệu chỉnh
A30: LPA | B30: 81 | D30: PV | E30: 1 | F30: 2 | G30: 7 | H30: 5 | I30: 4 | J30: 6 | K30: =SUM(E30:J30) -> 25 | Y30: Perisic Icon | Z30: IVAN PERIŠIĆ | AA30: 186 | AB30: 82 | AC30: =ROUND((AB30+AA30-100)/2,0) -> 84 | AD30: =AC30-AB30 -> 2 | AE30: Wikidata P2048 và hồ sơ CLB/giải đấu; có thể hiệu chỉnh
A31: VIS | B31: 91 | D31: WB | E31: 2 | F31: 5 | G31: 5 | H31: 5 | I31: 4 | J31: 4 | K31: =SUM(E31:J31) -> 25 | Y31: Vitinha | Z31: VITINHA | AA31: 172 | AB31: 66 | AC31: =ROUND((AB31+AA31-100)/2,0) -> 69 | AD31: =AC31-AB31 -> 3 | AE31: Wikidata P2048 và hồ sơ CLB/giải đấu; có thể hiệu chỉnh
A32: CON | B32: 95 | D32: FB | E32: 2 | F32: 3 | G32: 5 | H32: 5 | I32: 4 | J32: 6 | K32: =SUM(E32:J32) -> 25 | Y32: Pedri | Z32: PEDRI | AA32: 174 | AB32: 72 | AC32: =ROUND((AB32+AA32-100)/2,0) -> 73 | AD32: =AC32-AB32 -> 1 | AE32: Wikidata P2048 và hồ sơ CLB/giải đấu; có thể hiệu chỉnh
A33: FLA | B33: 98 | D33: CB | E33: 1 | F33: 1 | G33: 4 | H33: 6 | I33: 4 | J33: 9 | K33: =SUM(E33:J33) -> 25 | Y33: Kudus | Z33: MOHAMMED KUDUS | AA33: 177 | AB33: 74 | AC33: =ROUND((AB33+AA33-100)/2,0) -> 76 | AD33: =AC33-AB33 -> 2 | AE33: Wikidata P2048 và hồ sơ CLB/giải đấu; có thể hiệu chỉnh
A34: DIR | B34: 98 | E34: =SUM(E24:E33) -> 35 | F34: =SUM(F24:F33) -> 45 | G34: =SUM(G24:G33) -> 51 | H34: =SUM(H24:H33) -> 43 | I34: =SUM(I24:I33) -> 40 | J34: =SUM(J24:J33) -> 36 | Y34: Kulusevki | Z34: DEJAN KULUSEVSKI | AA34: 186 | AB34: 75 | AC34: =ROUND((AB34+AA34-100)/2,0) -> 81 | AD34: =AC34-AB34 -> 6 | AE34: Wikidata P2048 và hồ sơ CLB/giải đấu; có thể hiệu chỉnh
A35: QD | B35: 93 | Y35: Kvaratkhelia | Z35: KHVICHA KVARATSKHELIA | AA35: 183 | AB35: 86 | AC35: =ROUND((AB35+AA35-100)/2,0) -> 85 | AD35: =AC35-AB35 -> -1 | AE35: Wikidata P2048 và hồ sơ CLB/giải đấu; có thể hiệu chỉnh
A36: SPE | B36: 90 | Y36: Kante Icon | Z36: N'GOLO KANTÉ | AA36: 168 | AB36: 78 | AC36: =ROUND((AB36+AA36-100)/2,0) -> 73 | AD36: =AC36-AB36 -> -5 | AE36: Wikidata P2048 và hồ sơ CLB/giải đấu; có thể hiệu chỉnh
A37: ACC | B37: 94 | Y37: Romero | Z37: CRISTIAN ROMERO | AA37: 185 | AB37: 86 | AC37: =ROUND((AB37+AA37-100)/2,0) -> 86 | AD37: =AC37-AB37 -> 0 | AE37: Wikidata P2048 và hồ sơ CLB/giải đấu; có thể hiệu chỉnh
A38: STA | B38: 77 | Y38: Van de Ven | Z38: MICKY VAN DE VEN | AA38: 193 | AB38: 92 | AC38: =ROUND((AB38+AA38-100)/2,0) -> 93 | AD38: =AC38-AB38 -> 1 | AE38: Wikidata P2048 và hồ sơ CLB/giải đấu; có thể hiệu chỉnh
A39: STE | B39: 76 | Y39: Lisandro Martinez | Z39: LISANDRO MARTÍNEZ | AA39: 175 | AB39: 87 | AC39: =ROUND((AB39+AA39-100)/2,0) -> 81 | AD39: =AC39-AB39 -> -6 | AE39: Wikidata P2048 và hồ sơ CLB/giải đấu; có thể hiệu chỉnh
A40: JUM | B40: 70 | Y40: Gvardiol | Z40: JOŠKO GVARDIOL | AA40: 185 | AB40: 88 | AC40: =ROUND((AB40+AA40-100)/2,0) -> 87 | AD40: =AC40-AB40 -> -1 | AE40: Wikidata P2048 và hồ sơ CLB/giải đấu; có thể hiệu chỉnh
A41: CAM | B41: 80 | Y41: Ake | Z41: NATHAN AKÉ | AA41: 180 | AB41: 85 | AC41: =ROUND((AB41+AA41-100)/2,0) -> 83 | AD41: =AC41-AB41 -> -2 | AE41: Wikidata P2048 và hồ sơ CLB/giải đấu; có thể hiệu chỉnh
A42: DEC | B42: 96 | Y42: Ruben Dias | Z42: RÚBEN DIAS | AA42: 187 | AB42: 90 | AC42: =ROUND((AB42+AA42-100)/2,0) -> 89 | AD42: =AC42-AB42 -> -1 | AE42: Wikidata P2048 và hồ sơ CLB/giải đấu; có thể hiệu chỉnh
A43: INT | B43: 66 | Y43: Maguire | Z43: HARRY MAGUIRE | AA43: 194 | AB43: 83 | AC43: =ROUND((AB43+AA43-100)/2,0) -> 89 | AD43: =AC43-AB43 -> 6 | AE43: Wikidata P2048 và hồ sơ CLB/giải đấu; có thể hiệu chỉnh
A44: TAC | B44: 42 | Y44: Gallager | Z44: CONOR GALLAGHER | AA44: 182 | AB44: 79 | AC44: =ROUND((AB44+AA44-100)/2,0) -> 81 | AD44: =AC44-AB44 -> 2 | AE44: Wikidata P2048 và hồ sơ CLB/giải đấu; có thể hiệu chỉnh
A45: SLD | B45: 39 | Y45: Pape Sarr | Z45: PAPE MATAR SARR | AA45: 185 | AB45: 76 | AC45: =ROUND((AB45+AA45-100)/2,0) -> 81 | AD45: =AC45-AB45 -> 5 | AE45: Wikidata P2048 và hồ sơ CLB/giải đấu; có thể hiệu chỉnh
A46: COV | B46: 51 | Y46: Bentancur | Z46: RODRIGO BENTANCUR | AA46: 187 | AB46: 70 | AC46: =ROUND((AB46+AA46-100)/2,0) -> 79 | AD46: =AC46-AB46 -> 9 | AE46: Wikidata P2048 và hồ sơ CLB/giải đấu; có thể hiệu chỉnh
Y47: Tonali | Z47: SANDRO TONALI | AA47: 181 | AB47: 83 | AC47: =ROUND((AB47+AA47-100)/2,0) -> 82 | AD47: =AC47-AB47 -> -1 | AE47: Wikidata P2048 và hồ sơ CLB/giải đấu; có thể hiệu chỉnh
Y48: Bissouma Prime | Z48: YVES BISSOUMA | AA48: 182 | AB48: 79 | AC48: =ROUND((AB48+AA48-100)/2,0) -> 81 | AD48: =AC48-AB48 -> 2 | AE48: Wikidata P2048 và hồ sơ CLB/giải đấu; có thể hiệu chỉnh
Y49: Rice | Z49: DECLAN RICE | AA49: 188 | AB49: 80 | AC49: =ROUND((AB49+AA49-100)/2,0) -> 84 | AD49: =AC49-AB49 -> 4 | AE49: Wikidata P2048 và hồ sơ CLB/giải đấu; có thể hiệu chỉnh
Y50: Salah | Z50: MOHAMED SALAH | AA50: 175 | AB50: 79 | AC50: =ROUND((AB50+AA50-100)/2,0) -> 77 | AD50: =AC50-AB50 -> -2 | AE50: Wikidata P2048 và hồ sơ CLB/giải đấu; có thể hiệu chỉnh
Y51: Solanke | Z51: DOMINIC SOLANKE | AA51: 187 | AB51: 88 | AC51: =ROUND((AB51+AA51-100)/2,0) -> 88 | AD51: =AC51-AB51 -> 0 | AE51: Wikidata P2048 và hồ sơ CLB/giải đấu; có thể hiệu chỉnh
Y52: Muller Icon | Z52: THOMAS MÜLLER | AA52: 185 | AB52: 75 | AC52: =ROUND((AB52+AA52-100)/2,0) -> 80 | AD52: =AC52-AB52 -> 5 | AE52: Wikidata P2048 và hồ sơ CLB/giải đấu; có thể hiệu chỉnh
Y53: Lahm Icon | Z53: PHILIPP LAHM | AA53: 170 | AB53: 75 | AC53: =ROUND((AB53+AA53-100)/2,0) -> 73 | AD53: =AC53-AB53 -> -2 | AE53: Wikidata P2048 và hồ sơ CLB/giải đấu; có thể hiệu chỉnh
Y54: Xabi Alonso Icon | Z54: XABI ALONSO | AA54: 183 | AB54: 77 | AC54: =ROUND((AB54+AA54-100)/2,0) -> 80 | AD54: =AC54-AB54 -> 3 | AE54: Wikidata P2048 và hồ sơ CLB/giải đấu; có thể hiệu chỉnh
Y55: Richarlison | Z55: RICHARLISON | AA55: 184 | AB55: 89 | AC55: =ROUND((AB55+AA55-100)/2,0) -> 87 | AD55: =AC55-AB55 -> -2 | AE55: Wikidata P2048 và hồ sơ CLB/giải đấu; có thể hiệu chỉnh
Y56: Semenyo | Z56: ANTOINE SEMENYO | AA56: 185 | AB56: 81 | AC56: =ROUND((AB56+AA56-100)/2,0) -> 83 | AD56: =AC56-AB56 -> 2 | AE56: Wikidata P2048 và hồ sơ CLB/giải đấu; có thể hiệu chỉnh
Y57: Foden | Z57: PHIL FODEN | AA57: 171 | AB57: 60 | AC57: =ROUND((AB57+AA57-100)/2,0) -> 66 | AD57: =AC57-AB57 -> 6 | AE57: Wikidata P2048 và hồ sơ CLB/giải đấu; có thể hiệu chỉnh
Y58: Reijinders | Z58: TIJJANI REIJNDERS | AA58: 185 | AB58: 77 | AC58: =ROUND((AB58+AA58-100)/2,0) -> 81 | AD58: =AC58-AB58 -> 4 | AE58: Wikidata P2048 và hồ sơ CLB/giải đấu; có thể hiệu chỉnh
... Y88: M.Fernandes | Z88: MATEUS FERNANDES | AA88: 178 | AB88: 72 | AC88: =ROUND((AB88+AA88-100)/2,0) -> 75 | AD88: =AC88-AB88 -> 3 | AE88: Wikidata P2048 và hồ sơ CLB/giải đấu; có thể hiệu chỉnh

Sheet Messi Icon
A1: Messi | B1: ='Trang tính1'!$B$9 -> FIN | C1: ='Trang tính1'!$C$9 -> LSH | D1: ='Trang tính1'!$D$9 -> POS | E1: ='Trang tính1'!$E$9 -> HEA | F1: ='Trang tính1'!$F$9 -> CRO | H1: POS | I1: OVR
A2: ='Trang tính1'!$A$10 -> ATK | B2: ='Trang tính1'!$B$10 -> 4 | C2: ='Trang tính1'!$C$10 -> 1 | D2: ='Trang tính1'!$D$10 -> 2 | E2: ='Trang tính1'!$E$10 -> 1.5 | F2: ='Trang tính1'!$F$10 -> 1.5 | H2: ST | I2: =ROUND((J17*'Trang tính1'!$E$24+J21*'Trang tính1'!$F$24+J19*'Trang tính1'!$G$24+J23*'Trang tính1'!$H$24+J25*'Trang tính1'!$I$24+J27*'Trang tính1'!$J$24)/25,0) -> 88 | J2: =(J17*'Trang tính1'!$E$24+J21*'Trang tính1'!$F$24+J19*'Trang tính1'!$G$24+J23*'Trang tính1'!$H$24+J25*'Trang tính1'!$I$24+J27*'Trang tính1'!$J$24)/25 -> 88.216
A3: =SUMIF($A$16:$A$38,B1,$B$16:$B$38)*B2+SUMIF($A$16:$A$38,C1,$B$16:$B$38)*C2+SUMIF($A$16:$A$38,D1,$B$16:$B$38)*D2+SUMIF($A$16:$A$38,E1,$B$16:$B$38)*E2+SUMIF($A$16:$A$38,F1,$B$16:$B$38)*F2 -> 889 | B3: ='Trang tính1'!$B$11 -> SPA | C3: ='Trang tính1'!$C$11 -> LPA | D3: ='Trang tính1'!$D$11 -> VIS | E3: ='Trang tính1'!$E$11 -> CON | F3: ='Trang tính1'!$F$11 -> 0 | H3: CF | I3: =ROUND((J17*'Trang tính1'!$E$25+J21*'Trang tính1'!$F$25+J19*'Trang tính1'!$G$25+J23*'Trang tính1'!$H$25+J25*'Trang tính1'!$I$25+J27*'Trang tính1'!$J$25)/25,0) -> 89 | J3: =(J17*'Trang tính1'!$E$25+J21*'Trang tính1'!$F$25+J19*'Trang tính1'!$G$25+J23*'Trang tính1'!$H$25+J25*'Trang tính1'!$I$25+J27*'Trang tính1'!$J$25)/25 -> 88.512
A4: ='Trang tính1'!$A$12 -> DIS | B4: ='Trang tính1'!$B$12 -> 4 | C4: ='Trang tính1'!$C$12 -> 2 | D4: ='Trang tính1'!$D$12 -> 1 | E4: ='Trang tính1'!$E$12 -> 3 | F4: ='Trang tính1'!$F$12 -> 0 | H4: WF | I4: =ROUND((J17*'Trang tính1'!$E$26+J21*'Trang tính1'!$F$26+J19*'Trang tính1'!$G$26+J23*'Trang tính1'!$H$26+J25*'Trang tính1'!$I$26+J27*'Trang tính1'!$J$26)/25,0) -> 89 | J4: =(J17*'Trang tính1'!$E$26+J21*'Trang tính1'!$F$26+J19*'Trang tính1'!$G$26+J23*'Trang tính1'!$H$26+J25*'Trang tính1'!$I$26+J27*'Trang tính1'!$J$26)/25 -> 89.072
A5: =SUMIF($A$16:$A$38,B3,$B$16:$B$38)*B4+SUMIF($A$16:$A$38,C3,$B$16:$B$38)*C4+SUMIF($A$16:$A$38,D3,$B$16:$B$38)*D4+SUMIF($A$16:$A$38,E3,$B$16:$B$38)*E4+SUMIF($A$16:$A$38,F3,$B$16:$B$38)*F4 -> 892 | B5: ='Trang tính1'!$B$13 -> DIR | C5: ='Trang tính1'!$C$13 -> CON | D5: ='Trang tính1'!$D$13 -> FLA | E5: ='Trang tính1'!$E$13 -> VIS | F5: ='Trang tính1'!$F$13 -> QD | H5: AM | I5: =ROUND((J17*'Trang tính1'!$E$27+J21*'Trang tính1'!$F$27+J19*'Trang tính1'!$G$27+J23*'Trang tính1'!$H$27+J25*'Trang tính1'!$I$27+J27*'Trang tính1'!$J$27)/25,0) -> 89 | J5: =(J17*'Trang tính1'!$E$27+J21*'Trang tính1'!$F$27+J19*'Trang tính1'!$G$27+J23*'Trang tính1'!$H$27+J25*'Trang tính1'!$I$27+J27*'Trang tính1'!$J$27)/25 -> 88.824
A6: ='Trang tính1'!$A$14 -> CRE | B6: ='Trang tính1'!$B$14 -> 4 | C6: ='Trang tính1'!$C$14 -> 1 | D6: ='Trang tính1'!$D$14 -> 2 | E6: ='Trang tính1'!$E$14 -> 1 | F6: ='Trang tính1'!$F$14 -> 2 | H6: WM | I6: =ROUND((J17*'Trang tính1'!$E$28+J21*'Trang tính1'!$F$28+J19*'Trang tính1'!$G$28+J23*'Trang tính1'!$H$28+J25*'Trang tính1'!$I$28+J27*'Trang tính1'!$J$28)/25,0) -> 86
A7: =SUMIF($A$16:$A$38,B5,$B$16:$B$38)*B6+SUMIF($A$16:$A$38,C5,$B$16:$B$38)*C6+SUMIF($A$16:$A$38,D5,$B$16:$B$38)*D6+SUMIF($A$16:$A$38,E5,$B$16:$B$38)*E6+SUMIF($A$16:$A$38,F5,$B$16:$B$38)*F6 -> 960 | B7: ='Trang tính1'!$B$15 -> SPE | C7: ='Trang tính1'!$C$15 -> ACC | D7: ='Trang tính1'!$D$15 -> STA | E7: ='Trang tính1'!$E$15 -> STE | F7: ='Trang tính1'!$F$15 -> JUM | H7: CM | I7: =ROUND((J17*'Trang tính1'!$E$29+J21*'Trang tính1'!$F$29+J19*'Trang tính1'!$G$29+J23*'Trang tính1'!$H$29+J25*'Trang tính1'!$I$29+J27*'Trang tính1'!$J$29)/25,0) -> 83
A8: ='Trang tính1'!$A$16 -> PHY | B8: ='Trang tính1'!$B$16 -> 2 | C8: ='Trang tính1'!$C$16 -> 2 | D8: ='Trang tính1'!$D$16 -> 2 | E8: ='Trang tính1'!$E$16 -> 3 | F8: ='Trang tính1'!$F$16 -> 1 | H8: PV | I8: =ROUND((J17*'Trang tính1'!$E$30+J21*'Trang tính1'!$F$30+J19*'Trang tính1'!$G$30+J23*'Trang tính1'!$H$30+J25*'Trang tính1'!$I$30+J27*'Trang tính1'!$J$30)/25,0) -> 80
A9: =SUMIF($A$16:$A$38,B7,$B$16:$B$38)*B8+SUMIF($A$16:$A$38,C7,$B$16:$B$38)*C8+SUMIF($A$16:$A$38,D7,$B$16:$B$38)*D8+SUMIF($A$16:$A$38,E7,$B$16:$B$38)*E8+SUMIF($A$16:$A$38,F7,$B$16:$B$38)*F8 -> 820 | B9: ='Trang tính1'!$B$17 -> CAM | C9: ='Trang tính1'!$C$17 -> QD | D9: ='Trang tính1'!$D$17 -> POS | E9: ='Trang tính1'!$E$17 -> VIS | F9: ='Trang tính1'!$F$17 -> DEC | H9: WB | I9: =ROUND((J17*'Trang tính1'!$E$31+J21*'Trang tính1'!$F$31+J19*'Trang tính1'!$G$31+J23*'Trang tính1'!$H$31+J25*'Trang tính1'!$I$31+J27*'Trang tính1'!$J$31)/25,0) -> 84
A10: ='Trang tính1'!$A$18 -> MEN | B10: ='Trang tính1'!$B$18 -> 2 | C10: ='Trang tính1'!$C$18 -> 1 | D10: ='Trang tính1'!$D$18 -> 1.5 | E10: ='Trang tính1'!$E$18 -> 1.5 | F10: ='Trang tính1'!$F$18 -> 4 | H10: FB | I10: =ROUND((J17*'Trang tính1'!$E$32+J21*'Trang tính1'!$F$32+J19*'Trang tính1'!$G$32+J23*'Trang tính1'!$H$32+J25*'Trang tính1'!$I$32+J27*'Trang tính1'!$J$32)/25,0) -> 80
A11: =SUMIF($A$16:$A$38,B9,$B$16:$B$38)*B10+SUMIF($A$16:$A$38,C9,$B$16:$B$38)*C10+SUMIF($A$16:$A$38,D9,$B$16:$B$38)*D10+SUMIF($A$16:$A$38,E9,$B$16:$B$38)*E10+SUMIF($A$16:$A$38,F9,$B$16:$B$38)*F10 -> 913 | B11: ='Trang tính1'!$B$19 -> INT | C11: ='Trang tính1'!$C$19 -> TAC | D11: ='Trang tính1'!$D$19 -> SLD | E11: ='Trang tính1'!$E$19 -> COV | F11: ='Trang tính1'!$F$19 -> HEA | H11: CB | I11: =ROUND((J17*'Trang tính1'!$E$33+J21*'Trang tính1'!$F$33+J19*'Trang tính1'!$G$33+J23*'Trang tính1'!$H$33+J25*'Trang tính1'!$I$33+J27*'Trang tính1'!$J$33)/25,0) -> 75
A12: ='Trang tính1'!$A$20 -> DEF | B12: ='Trang tính1'!$B$20 -> 2 | C12: ='Trang tính1'!$C$20 -> 2 | D12: ='Trang tính1'!$D$20 -> 1.5 | E12: ='Trang tính1'!$E$20 -> 3 | F12: ='Trang tính1'!$F$20 -> 1.5
A13: =SUMIF($A$16:$A$38,B11,$B$16:$B$38)*B12+SUMIF($A$16:$A$38,C11,$B$16:$B$38)*C12+SUMIF($A$16:$A$38,D11,$B$16:$B$38)*D12+SUMIF($A$16:$A$38,E11,$B$16:$B$38)*E12+SUMIF($A$16:$A$38,F11,$B$16:$B$38)*F12 -> 534 | K13: WF/CF
B15: rating | J15: ovr | K15: Maverick
A16: FIN | B16: 94 | E16: =B1 -> FIN | F16: =C1 -> LSH | G16: =D1 -> POS | H16: =E1 -> HEA | I16: =F1 -> CRO
A17: LSH | B17: 90 | D17: =A2 -> ATK | E17: =IF(E16="","",SUMIF($A$16:$A$38,E16,$B$16:$B$38)) -> 94 | F17: =IF(F16="","",SUMIF($A$16:$A$38,F16,$B$16:$B$38)) -> 90 | G17: =IF(G16="","",SUMIF($A$16:$A$38,G16,$B$16:$B$38)) -> 93 | H17: =IF(H16="","",SUMIF($A$16:$A$38,H16,$B$16:$B$38)) -> 71 | I17: =IF(I16="","",SUMIF($A$16:$A$38,I16,$B$16:$B$38)) -> 87 | J17: =A3/10 -> 88.9 | K17: =ROUND(J17,0) -> 89
A18: POS | B18: 93 | E18: =B3 -> SPA | F18: =C3 -> LPA | G18: =D3 -> VIS | H18: =E3 -> CON | I18: =F3 -> 0
A19: HEA | B19: 71 | D19: =A4 -> DIS | E19: =IF(E18="","",SUMIF($A$16:$A$38,E18,$B$16:$B$38)) -> 88 | F19: =IF(F18="","",SUMIF($A$16:$A$38,F18,$B$16:$B$38)) -> 82 | G19: =IF(G18="","",SUMIF($A$16:$A$38,G18,$B$16:$B$38)) -> 91 | H19: =IF(H18="","",SUMIF($A$16:$A$38,H18,$B$16:$B$38)) -> 95 | I19: =IF(I18="","",SUMIF($A$16:$A$38,I18,$B$16:$B$38)) -> 0 | J19: =A5/10 -> 89.2 | K19: =ROUND(J19,0) -> 89
A20: CRO | B20: 87 | E20: =B5 -> DIR | F20: =C5 -> CON | G20: =D5 -> FLA | H20: =E5 -> VIS | I20: =F5 -> QD
A21: SPA | B21: 88 | D21: =A6 -> CRE | E21: =IF(E20="","",SUMIF($A$16:$A$38,E20,$B$16:$B$38)) -> 98 | F21: =IF(F20="","",SUMIF($A$16:$A$38,F20,$B$16:$B$38)) -> 95 | G21: =IF(G20="","",SUMIF($A$16:$A$38,G20,$B$16:$B$38)) -> 98 | H21: =IF(H20="","",SUMIF($A$16:$A$38,H20,$B$16:$B$38)) -> 91 | I21: =IF(I20="","",SUMIF($A$16:$A$38,I20,$B$16:$B$38)) -> 93 | J21: =A7/10 -> 96 | K21: =ROUND(J21,0) -> 96
A22: LPA | B22: 82 | E22: =B7 -> SPE | F22: =C7 -> ACC | G22: =D7 -> STA | H22: =E7 -> STE | I22: =F7 -> JUM
A23: VIS | B23: 91 | D23: =A8 -> PHY | E23: =IF(E22="","",SUMIF($A$16:$A$38,E22,$B$16:$B$38)) -> 90 | F23: =IF(F22="","",SUMIF($A$16:$A$38,F22,$B$16:$B$38)) -> 94 | G23: =IF(G22="","",SUMIF($A$16:$A$38,G22,$B$16:$B$38)) -> 77 | H23: =IF(H22="","",SUMIF($A$16:$A$38,H22,$B$16:$B$38)) -> 76 | I23: =IF(I22="","",SUMIF($A$16:$A$38,I22,$B$16:$B$38)) -> 70 | J23: =A9/10 -> 82 | K23: =ROUND(J23,0) -> 82
A24: CON | B24: 95 | E24: =B9 -> CAM | F24: =C9 -> QD | G24: =D9 -> POS | H24: =E9 -> VIS | I24: =F9 -> DEC
A25: FLA | B25: 98 | D25: =A10 -> MEN | E25: =IF(E24="","",SUMIF($A$16:$A$38,E24,$B$16:$B$38)) -> 80 | F25: =IF(F24="","",SUMIF($A$16:$A$38,F24,$B$16:$B$38)) -> 93 | G25: =IF(G24="","",SUMIF($A$16:$A$38,G24,$B$16:$B$38)) -> 93 | H25: =IF(H24="","",SUMIF($A$16:$A$38,H24,$B$16:$B$38)) -> 91 | I25: =IF(I24="","",SUMIF($A$16:$A$38,I24,$B$16:$B$38)) -> 96 | J25: =A11/10 -> 91.3 | K25: =ROUND(J25,0) -> 91
A26: DIR | B26: 98 | E26: =B11 -> INT | F26: =C11 -> TAC | G26: =D11 -> SLD | H26: =E11 -> COV | I26: =F11 -> HEA
A27: QD | B27: 93 | D27: =A12 -> DEF | E27: =IF(E26="","",SUMIF($A$16:$A$38,E26,$B$16:$B$38)) -> 66 | F27: =IF(F26="","",SUMIF($A$16:$A$38,F26,$B$16:$B$38)) -> 42 | G27: =IF(G26="","",SUMIF($A$16:$A$38,G26,$B$16:$B$38)) -> 39 | H27: =IF(H26="","",SUMIF($A$16:$A$38,H26,$B$16:$B$38)) -> 51 | I27: =IF(I26="","",SUMIF($A$16:$A$38,I26,$B$16:$B$38)) -> 71 | J27: =A13/10 -> 53.4 | K27: =ROUND(J27,0) -> 53
A28: SPE | B28: 90
A29: ACC | B29: 94
A30: STA | B30: 77
A31: STE | B31: 76
A32: JUM | B32: {=INDEX('Trang tính1'!$AC$4:$AC$88,MATCH("Messi Icon",'Trang tính1'!$Y$4:$Y$88,0))} -> 70
A33: CAM | B33: 80
A34: DEC | B34: 96
A35: INT | B35: 66
A36: TAC | B36: 42
A37: SLD | B37: 39
A38: COV | B38: 51
A39: Total | B39: =SUM(B16:B38) -> 1861

Sheet Bale Icon
A1: Bale | B1: ='Trang tính1'!$B$9 -> FIN | C1: ='Trang tính1'!$C$9 -> LSH | D1: ='Trang tính1'!$D$9 -> POS | E1: ='Trang tính1'!$E$9 -> HEA | F1: ='Trang tính1'!$F$9 -> CRO | G1: ovr | H1: POS | I1: OVR
A2: ='Trang tính1'!$A$10 -> ATK | B2: ='Trang tính1'!$B$10 -> 4 | C2: ='Trang tính1'!$C$10 -> 1 | D2: ='Trang tính1'!$D$10 -> 2 | E2: ='Trang tính1'!$E$10 -> 1.5 | F2: ='Trang tính1'!$F$10 -> 1.5 | H2: ST | I2: =ROUND((J17*'Trang tính1'!$E$24+J21*'Trang tính1'!$F$24+J19*'Trang tính1'!$G$24+J23*'Trang tính1'!$H$24+J25*'Trang tính1'!$I$24+J27*'Trang tính1'!$J$24)/25,0) -> 88 | J2: =(J17*'Trang tính1'!$E$24+J21*'Trang tính1'!$F$24+J19*'Trang tính1'!$G$24+J23*'Trang tính1'!$H$24+J25*'Trang tính1'!$I$24+J27*'Trang tính1'!$J$24)/25 -> 88.098
A3: =SUMIF($A$16:$A$38,B1,$B$16:$B$38)*B2+SUMIF($A$16:$A$38,C1,$B$16:$B$38)*C2+SUMIF($A$16:$A$38,D1,$B$16:$B$38)*D2+SUMIF($A$16:$A$38,E1,$B$16:$B$38)*E2+SUMIF($A$16:$A$38,F1,$B$16:$B$38)*F2 -> 893 | B3: ='Trang tính1'!$B$11 -> SPA | C3: ='Trang tính1'!$C$11 -> LPA | D3: ='Trang tính1'!$D$11 -> VIS | E3: ='Trang tính1'!$E$11 -> CON | F3: ='Trang tính1'!$F$11 -> 0 | H3: CF | I3: =ROUND((J17*'Trang tính1'!$E$25+J21*'Trang tính1'!$F$25+J19*'Trang tính1'!$G$25+J23*'Trang tính1'!$H$25+J25*'Trang tính1'!$I$25+J27*'Trang tính1'!$J$25)/25,0) -> 88 | J3: =(J17*'Trang tính1'!$E$25+J21*'Trang tính1'!$F$25+J19*'Trang tính1'!$G$25+J23*'Trang tính1'!$H$25+J25*'Trang tính1'!$I$25+J27*'Trang tính1'!$J$25)/25 -> 88.058
A4: ='Trang tính1'!$A$12 -> DIS | B4: ='Trang tính1'!$B$12 -> 4 | C4: ='Trang tính1'!$C$12 -> 2 | D4: ='Trang tính1'!$D$12 -> 1 | E4: ='Trang tính1'!$E$12 -> 3 | F4: ='Trang tính1'!$F$12 -> 0 | H4: WF | I4: =ROUND((J17*'Trang tính1'!$E$26+J21*'Trang tính1'!$F$26+J19*'Trang tính1'!$G$26+J23*'Trang tính1'!$H$26+J25*'Trang tính1'!$I$26+J27*'Trang tính1'!$J$26)/25,0) -> 88 | J4: =(J17*'Trang tính1'!$E$26+J21*'Trang tính1'!$F$26+J19*'Trang tính1'!$G$26+J23*'Trang tính1'!$H$26+J25*'Trang tính1'!$I$26+J27*'Trang tính1'!$J$26)/25 -> 88.038
A5: =SUMIF($A$16:$A$38,B3,$B$16:$B$38)*B4+SUMIF($A$16:$A$38,C3,$B$16:$B$38)*C4+SUMIF($A$16:$A$38,D3,$B$16:$B$38)*D4+SUMIF($A$16:$A$38,E3,$B$16:$B$38)*E4+SUMIF($A$16:$A$38,F3,$B$16:$B$38)*F4 -> 867 | B5: ='Trang tính1'!$B$13 -> DIR | C5: ='Trang tính1'!$C$13 -> CON | D5: ='Trang tính1'!$D$13 -> FLA | E5: ='Trang tính1'!$E$13 -> VIS | F5: ='Trang tính1'!$F$13 -> QD | H5: AM | I5: =ROUND((J17*'Trang tính1'!$E$27+J21*'Trang tính1'!$F$27+J19*'Trang tính1'!$G$27+J23*'Trang tính1'!$H$27+J25*'Trang tính1'!$I$27+J27*'Trang tính1'!$J$27)/25,0) -> 88 | J5: =(J17*'Trang tính1'!$E$27+J21*'Trang tính1'!$F$27+J19*'Trang tính1'!$G$27+J23*'Trang tính1'!$H$27+J25*'Trang tính1'!$I$27+J27*'Trang tính1'!$J$27)/25 -> 87.662
A6: ='Trang tính1'!$A$14 -> CRE | B6: ='Trang tính1'!$B$14 -> 4 | C6: ='Trang tính1'!$C$14 -> 1 | D6: ='Trang tính1'!$D$14 -> 2 | E6: ='Trang tính1'!$E$14 -> 1 | F6: ='Trang tính1'!$F$14 -> 2 | H6: WM | I6: =ROUND((J17*'Trang tính1'!$E$28+J21*'Trang tính1'!$F$28+J19*'Trang tính1'!$G$28+J23*'Trang tính1'!$H$28+J25*'Trang tính1'!$I$28+J27*'Trang tính1'!$J$28)/25,0) -> 86
A7: =SUMIF($A$16:$A$38,B5,$B$16:$B$38)*B6+SUMIF($A$16:$A$38,C5,$B$16:$B$38)*C6+SUMIF($A$16:$A$38,D5,$B$16:$B$38)*D6+SUMIF($A$16:$A$38,E5,$B$16:$B$38)*E6+SUMIF($A$16:$A$38,F5,$B$16:$B$38)*F6 -> 909 | B7: ='Trang tính1'!$B$15 -> SPE | C7: ='Trang tính1'!$C$15 -> ACC | D7: ='Trang tính1'!$D$15 -> STA | E7: ='Trang tính1'!$E$15 -> STE | F7: ='Trang tính1'!$F$15 -> JUM | H7: CM | I7: =ROUND((J17*'Trang tính1'!$E$29+J21*'Trang tính1'!$F$29+J19*'Trang tính1'!$G$29+J23*'Trang tính1'!$H$29+J25*'Trang tính1'!$I$29+J27*'Trang tính1'!$J$29)/25,0) -> 84
A8: ='Trang tính1'!$A$16 -> PHY | B8: ='Trang tính1'!$B$16 -> 2 | C8: ='Trang tính1'!$C$16 -> 2 | D8: ='Trang tính1'!$D$16 -> 2 | E8: ='Trang tính1'!$E$16 -> 3 | F8: ='Trang tính1'!$F$16 -> 1 | H8: PV | I8: =ROUND((J17*'Trang tính1'!$E$30+J21*'Trang tính1'!$F$30+J19*'Trang tính1'!$G$30+J23*'Trang tính1'!$H$30+J25*'Trang tính1'!$I$30+J27*'Trang tính1'!$J$30)/25,0) -> 82
A9: =SUMIF($A$16:$A$38,B7,$B$16:$B$38)*B8+SUMIF($A$16:$A$38,C7,$B$16:$B$38)*C8+SUMIF($A$16:$A$38,D7,$B$16:$B$38)*D8+SUMIF($A$16:$A$38,E7,$B$16:$B$38)*E8+SUMIF($A$16:$A$38,F7,$B$16:$B$38)*F8 -> 914 | B9: ='Trang tính1'!$B$17 -> CAM | C9: ='Trang tính1'!$C$17 -> QD | D9: ='Trang tính1'!$D$17 -> POS | E9: ='Trang tính1'!$E$17 -> VIS | F9: ='Trang tính1'!$F$17 -> DEC | H9: WB | I9: =ROUND((J17*'Trang tính1'!$E$31+J21*'Trang tính1'!$F$31+J19*'Trang tính1'!$G$31+J23*'Trang tính1'!$H$31+J25*'Trang tính1'!$I$31+J27*'Trang tính1'!$J$31)/25,0) -> 84
A10: ='Trang tính1'!$A$18 -> MEN | B10: ='Trang tính1'!$B$18 -> 2 | C10: ='Trang tính1'!$C$18 -> 1 | D10: ='Trang tính1'!$D$18 -> 1.5 | E10: ='Trang tính1'!$E$18 -> 1.5 | F10: ='Trang tính1'!$F$18 -> 4 | H10: FB | I10: =ROUND((J17*'Trang tính1'!$E$32+J21*'Trang tính1'!$F$32+J19*'Trang tính1'!$G$32+J23*'Trang tính1'!$H$32+J25*'Trang tính1'!$I$32+J27*'Trang tính1'!$J$32)/25,0) -> 82
A11: =SUMIF($A$16:$A$38,B9,$B$16:$B$38)*B10+SUMIF($A$16:$A$38,C9,$B$16:$B$38)*C10+SUMIF($A$16:$A$38,D9,$B$16:$B$38)*D10+SUMIF($A$16:$A$38,E9,$B$16:$B$38)*E10+SUMIF($A$16:$A$38,F9,$B$16:$B$38)*F10 -> 869 | B11: ='Trang tính1'!$B$19 -> INT | C11: ='Trang tính1'!$C$19 -> TAC | D11: ='Trang tính1'!$D$19 -> SLD | E11: ='Trang tính1'!$E$19 -> COV | F11: ='Trang tính1'!$F$19 -> HEA | H11: CB | I11: =ROUND((J17*'Trang tính1'!$E$33+J21*'Trang tính1'!$F$33+J19*'Trang tính1'!$G$33+J23*'Trang tính1'!$H$33+J25*'Trang tính1'!$I$33+J27*'Trang tính1'!$J$33)/25,0) -> 79
A12: ='Trang tính1'!$A$20 -> DEF | B12: ='Trang tính1'!$B$20 -> 2 | C12: ='Trang tính1'!$C$20 -> 2 | D12: ='Trang tính1'!$D$20 -> 1.5 | E12: ='Trang tính1'!$E$20 -> 3 | F12: ='Trang tính1'!$F$20 -> 1.5
A13: =SUMIF($A$16:$A$38,B11,$B$16:$B$38)*B12+SUMIF($A$16:$A$38,C11,$B$16:$B$38)*C12+SUMIF($A$16:$A$38,D11,$B$16:$B$38)*D12+SUMIF($A$16:$A$38,E11,$B$16:$B$38)*E12+SUMIF($A$16:$A$38,F11,$B$16:$B$38)*F12 -> 602.5
B15: rating | J15: ovr | K15: Beast
A16: FIN | B16: 90 | E16: =B1 -> FIN | F16: =C1 -> LSH | G16: =D1 -> POS | H16: =E1 -> HEA | I16: =F1 -> CRO
A17: LSH | B17: 92 | D17: =A2 -> ATK | E17: =IF(E16="","",SUMIF($A$16:$A$38,E16,$B$16:$B$38)) -> 90 | F17: =IF(F16="","",SUMIF($A$16:$A$38,F16,$B$16:$B$38)) -> 92 | G17: =IF(G16="","",SUMIF($A$16:$A$38,G16,$B$16:$B$38)) -> 90 | H17: =IF(H16="","",SUMIF($A$16:$A$38,H16,$B$16:$B$38)) -> 87 | I17: =IF(I16="","",SUMIF($A$16:$A$38,I16,$B$16:$B$38)) -> 87 | J17: =A3/10 -> 89.3 | K17: =ROUND(J17,0) -> 89
A18: POS | B18: 90 | E18: =B3 -> SPA | F18: =C3 -> LPA | G18: =D3 -> VIS | H18: =E3 -> CON | I18: =F3 -> 0
A19: HEA | B19: 87 | D19: =A4 -> DIS | E19: =IF(E18="","",SUMIF($A$16:$A$38,E18,$B$16:$B$38)) -> 86 | F19: =IF(F18="","",SUMIF($A$16:$A$38,F18,$B$16:$B$38)) -> 85 | G19: =IF(G18="","",SUMIF($A$16:$A$38,G18,$B$16:$B$38)) -> 86 | H19: =IF(H18="","",SUMIF($A$16:$A$38,H18,$B$16:$B$38)) -> 89 | I19: =IF(I18="","",SUMIF($A$16:$A$38,I18,$B$16:$B$38)) -> 0 | J19: =A5/10 -> 86.7 | K19: =ROUND(J19,0) -> 87
A20: CRO | B20: 87 | E20: =B5 -> DIR | F20: =C5 -> CON | G20: =D5 -> FLA | H20: =E5 -> VIS | I20: =F5 -> QD
A21: SPA | B21: 86 | D21: =A6 -> CRE | E21: =IF(E20="","",SUMIF($A$16:$A$38,E20,$B$16:$B$38)) -> 93 | F21: =IF(F20="","",SUMIF($A$16:$A$38,F20,$B$16:$B$38)) -> 89 | G21: =IF(G20="","",SUMIF($A$16:$A$38,G20,$B$16:$B$38)) -> 86 | H21: =IF(H20="","",SUMIF($A$16:$A$38,H20,$B$16:$B$38)) -> 86 | I21: =IF(I20="","",SUMIF($A$16:$A$38,I20,$B$16:$B$38)) -> 95 | J21: =A7/10 -> 90.9 | K21: =ROUND(J21,0) -> 91
A22: LPA | B22: 85 | E22: =B7 -> SPE | F22: =C7 -> ACC | G22: =D7 -> STA | H22: =E7 -> STE | I22: =F7 -> JUM
A23: VIS | B23: 86 | D23: =A8 -> PHY | E23: =IF(E22="","",SUMIF($A$16:$A$38,E22,$B$16:$B$38)) -> 96 | F23: =IF(F22="","",SUMIF($A$16:$A$38,F22,$B$16:$B$38)) -> 96 | G23: =IF(G22="","",SUMIF($A$16:$A$38,G22,$B$16:$B$38)) -> 88 | H23: =IF(H22="","",SUMIF($A$16:$A$38,H22,$B$16:$B$38)) -> 89 | I23: =IF(I22="","",SUMIF($A$16:$A$38,I22,$B$16:$B$38)) -> 87 | J23: =A9/10 -> 91.4 | K23: =ROUND(J23,0) -> 91
A24: CON | B24: 89 | E24: =B9 -> CAM | F24: =C9 -> QD | G24: =D9 -> POS | H24: =E9 -> VIS | I24: =F9 -> DEC
A25: FLA | B25: 86 | D25: =A10 -> MEN | E25: =IF(E24="","",SUMIF($A$16:$A$38,E24,$B$16:$B$38)) -> 79 | F25: =IF(F24="","",SUMIF($A$16:$A$38,F24,$B$16:$B$38)) -> 95 | G25: =IF(G24="","",SUMIF($A$16:$A$38,G24,$B$16:$B$38)) -> 90 | H25: =IF(H24="","",SUMIF($A$16:$A$38,H24,$B$16:$B$38)) -> 86 | I25: =IF(I24="","",SUMIF($A$16:$A$38,I24,$B$16:$B$38)) -> 88 | J25: =A11/10 -> 86.9 | K25: =ROUND(J25,0) -> 87
A26: DIR | B26: 93 | E26: =B11 -> INT | F26: =C11 -> TAC | G26: =D11 -> SLD | H26: =E11 -> COV | I26: =F11 -> HEA
A27: QD | B27: 95 | D27: =A12 -> DEF | E27: =IF(E26="","",SUMIF($A$16:$A$38,E26,$B$16:$B$38)) -> 56 | F27: =IF(F26="","",SUMIF($A$16:$A$38,F26,$B$16:$B$38)) -> 60 | G27: =IF(G26="","",SUMIF($A$16:$A$38,G26,$B$16:$B$38)) -> 50 | H27: =IF(H26="","",SUMIF($A$16:$A$38,H26,$B$16:$B$38)) -> 55 | I27: =IF(I26="","",SUMIF($A$16:$A$38,I26,$B$16:$B$38)) -> 87 | J27: =A13/10 -> 60.25 | K27: =ROUND(J27,0) -> 60
A28: SPE | B28: 96
A29: ACC | B29: 96
A30: STA | B30: 88
A31: STE | B31: 89
A32: JUM | B32: {=INDEX('Trang tính1'!$AC$4:$AC$88,MATCH("Bale Icon",'Trang tính1'!$Y$4:$Y$88,0))} -> 87
A33: CAM | B33: 79
A34: DEC | B34: 88
A35: INT | B35: 56
A36: TAC | B36: 60
A37: SLD | B37: 50
A38: COV | B38: 55
A39: Total | B39: =SUM(B16:B38) -> 1910

Sheet CR7 Icon
A1: CR7 - Ronaldo | B1: ='Trang tính1'!$B$9 -> FIN | C1: ='Trang tính1'!$C$9 -> LSH | D1: ='Trang tính1'!$D$9 -> POS | E1: ='Trang tính1'!$E$9 -> HEA | F1: ='Trang tính1'!$F$9 -> CRO | G1: ovr | H1: POS | I1: OVR
A2: ='Trang tính1'!$A$10 -> ATK | B2: ='Trang tính1'!$B$10 -> 4 | C2: ='Trang tính1'!$C$10 -> 1 | D2: ='Trang tính1'!$D$10 -> 2 | E2: ='Trang tính1'!$E$10 -> 1.5 | F2: ='Trang tính1'!$F$10 -> 1.5 | H2: ST | I2: =ROUND((J17*'Trang tính1'!$E$24+J21*'Trang tính1'!$F$24+J19*'Trang tính1'!$G$24+J23*'Trang tính1'!$H$24+J25*'Trang tính1'!$I$24+J27*'Trang tính1'!$J$24)/25,0) -> 88
A3: =SUMIF($A$16:$A$38,B1,$B$16:$B$38)*B2+SUMIF($A$16:$A$38,C1,$B$16:$B$38)*C2+SUMIF($A$16:$A$38,D1,$B$16:$B$38)*D2+SUMIF($A$16:$A$38,E1,$B$16:$B$38)*E2+SUMIF($A$16:$A$38,F1,$B$16:$B$38)*F2 -> 928 | B3: ='Trang tính1'!$B$11 -> SPA | C3: ='Trang tính1'!$C$11 -> LPA | D3: ='Trang tính1'!$D$11 -> VIS | E3: ='Trang tính1'!$E$11 -> CON | F3: ='Trang tính1'!$F$11 -> 0 | H3: CF | I3: =ROUND((J17*'Trang tính1'!$E$25+J21*'Trang tính1'!$F$25+J19*'Trang tính1'!$G$25+J23*'Trang tính1'!$H$25+J25*'Trang tính1'!$I$25+J27*'Trang tính1'!$J$25)/25,0) -> 87
A4: ='Trang tính1'!$A$12 -> DIS | B4: ='Trang tính1'!$B$12 -> 4 | C4: ='Trang tính1'!$C$12 -> 2 | D4: ='Trang tính1'!$D$12 -> 1 | E4: ='Trang tính1'!$E$12 -> 3 | F4: ='Trang tính1'!$F$12 -> 0 | H4: WF | I4: =ROUND((J17*'Trang tính1'!$E$26+J21*'Trang tính1'!$F$26+J19*'Trang tính1'!$G$26+J23*'Trang tính1'!$H$26+J25*'Trang tính1'!$I$26+J27*'Trang tính1'!$J$26)/25,0) -> 87
A5: =SUMIF($A$16:$A$38,B3,$B$16:$B$38)*B4+SUMIF($A$16:$A$38,C3,$B$16:$B$38)*C4+SUMIF($A$16:$A$38,D3,$B$16:$B$38)*D4+SUMIF($A$16:$A$38,E3,$B$16:$B$38)*E4+SUMIF($A$16:$A$38,F3,$B$16:$B$38)*F4 -> 815 | B5: ='Trang tính1'!$B$13 -> DIR | C5: ='Trang tính1'!$C$13 -> CON | D5: ='Trang tính1'!$D$13 -> FLA | E5: ='Trang tính1'!$E$13 -> VIS | F5: ='Trang tính1'!$F$13 -> QD | H5: AM | I5: =ROUND((J17*'Trang tính1'!$E$27+J21*'Trang tính1'!$F$27+J19*'Trang tính1'!$G$27+J23*'Trang tính1'!$H$27+J25*'Trang tính1'!$I$27+J27*'Trang tính1'!$J$27)/25,0) -> 86
A6: ='Trang tính1'!$A$14 -> CRE | B6: ='Trang tính1'!$B$14 -> 4 | C6: ='Trang tính1'!$C$14 -> 1 | D6: ='Trang tính1'!$D$14 -> 2 | E6: ='Trang tính1'!$E$14 -> 1 | F6: ='Trang tính1'!$F$14 -> 2 | H6: WM | I6: =ROUND((J17*'Trang tính1'!$E$28+J21*'Trang tính1'!$F$28+J19*'Trang tính1'!$G$28+J23*'Trang tính1'!$H$28+J25*'Trang tính1'!$I$28+J27*'Trang tính1'!$J$28)/25,0) -> 84
A7: =SUMIF($A$16:$A$38,B5,$B$16:$B$38)*B6+SUMIF($A$16:$A$38,C5,$B$16:$B$38)*C6+SUMIF($A$16:$A$38,D5,$B$16:$B$38)*D6+SUMIF($A$16:$A$38,E5,$B$16:$B$38)*E6+SUMIF($A$16:$A$38,F5,$B$16:$B$38)*F6 -> 889 | B7: ='Trang tính1'!$B$15 -> SPE | C7: ='Trang tính1'!$C$15 -> ACC | D7: ='Trang tính1'!$D$15 -> STA | E7: ='Trang tính1'!$E$15 -> STE | F7: ='Trang tính1'!$F$15 -> JUM | H7: CM | I7: =ROUND((J17*'Trang tính1'!$E$29+J21*'Trang tính1'!$F$29+J19*'Trang tính1'!$G$29+J23*'Trang tính1'!$H$29+J25*'Trang tính1'!$I$29+J27*'Trang tính1'!$J$29)/25,0) -> 82
A8: ='Trang tính1'!$A$16 -> PHY | B8: ='Trang tính1'!$B$16 -> 2 | C8: ='Trang tính1'!$C$16 -> 2 | D8: ='Trang tính1'!$D$16 -> 2 | E8: ='Trang tính1'!$E$16 -> 3 | F8: ='Trang tính1'!$F$16 -> 1 | H8: PV | I8: =ROUND((J17*'Trang tính1'!$E$30+J21*'Trang tính1'!$F$30+J19*'Trang tính1'!$G$30+J23*'Trang tính1'!$H$30+J25*'Trang tính1'!$I$30+J27*'Trang tính1'!$J$30)/25,0) -> 79
A9: =SUMIF($A$16:$A$38,B7,$B$16:$B$38)*B8+SUMIF($A$16:$A$38,C7,$B$16:$B$38)*C8+SUMIF($A$16:$A$38,D7,$B$16:$B$38)*D8+SUMIF($A$16:$A$38,E7,$B$16:$B$38)*E8+SUMIF($A$16:$A$38,F7,$B$16:$B$38)*F8 -> 892 | B9: ='Trang tính1'!$B$17 -> CAM | C9: ='Trang tính1'!$C$17 -> QD | D9: ='Trang tính1'!$D$17 -> POS | E9: ='Trang tính1'!$E$17 -> VIS | F9: ='Trang tính1'!$F$17 -> DEC | H9: WB | I9: =ROUND((J17*'Trang tính1'!$E$31+J21*'Trang tính1'!$F$31+J19*'Trang tính1'!$G$31+J23*'Trang tính1'!$H$31+J25*'Trang tính1'!$I$31+J27*'Trang tính1'!$J$31)/25,0) -> 82
A10: ='Trang tính1'!$A$18 -> MEN | B10: ='Trang tính1'!$B$18 -> 2 | C10: ='Trang tính1'!$C$18 -> 1 | D10: ='Trang tính1'!$D$18 -> 1.5 | E10: ='Trang tính1'!$E$18 -> 1.5 | F10: ='Trang tính1'!$F$18 -> 4 | H10: FB | I10: =ROUND((J17*'Trang tính1'!$E$32+J21*'Trang tính1'!$F$32+J19*'Trang tính1'!$G$32+J23*'Trang tính1'!$H$32+J25*'Trang tính1'!$I$32+J27*'Trang tính1'!$J$32)/25,0) -> 80
A11: =SUMIF($A$16:$A$38,B9,$B$16:$B$38)*B10+SUMIF($A$16:$A$38,C9,$B$16:$B$38)*C10+SUMIF($A$16:$A$38,D9,$B$16:$B$38)*D10+SUMIF($A$16:$A$38,E9,$B$16:$B$38)*E10+SUMIF($A$16:$A$38,F9,$B$16:$B$38)*F10 -> 874 | B11: ='Trang tính1'!$B$19 -> INT | C11: ='Trang tính1'!$C$19 -> TAC | D11: ='Trang tính1'!$D$19 -> SLD | E11: ='Trang tính1'!$E$19 -> COV | F11: ='Trang tính1'!$F$19 -> HEA | H11: CB | I11: =ROUND((J17*'Trang tính1'!$E$33+J21*'Trang tính1'!$F$33+J19*'Trang tính1'!$G$33+J23*'Trang tính1'!$H$33+J25*'Trang tính1'!$I$33+J27*'Trang tính1'!$J$33)/25,0) -> 76
A12: ='Trang tính1'!$A$20 -> DEF | B12: ='Trang tính1'!$B$20 -> 2 | C12: ='Trang tính1'!$C$20 -> 2 | D12: ='Trang tính1'!$D$20 -> 1.5 | E12: ='Trang tính1'!$E$20 -> 3 | F12: ='Trang tính1'!$F$20 -> 1.5
A13: =SUMIF($A$16:$A$38,B11,$B$16:$B$38)*B12+SUMIF($A$16:$A$38,C11,$B$16:$B$38)*C12+SUMIF($A$16:$A$38,D11,$B$16:$B$38)*D12+SUMIF($A$16:$A$38,E11,$B$16:$B$38)*E12+SUMIF($A$16:$A$38,F11,$B$16:$B$38)*F12 -> 570.5
B15: rating | J15: ovr | K15: Finisher
A16: FIN | B16: 98 | E16: =B1 -> FIN | F16: =C1 -> LSH | G16: =D1 -> POS | H16: =E1 -> HEA | I16: =F1 -> CRO
A17: LSH | B17: 89 | D17: =A2 -> ATK | E17: =IF(E16="","",SUMIF($A$16:$A$38,E16,$B$16:$B$38)) -> 98 | F17: =IF(F16="","",SUMIF($A$16:$A$38,F16,$B$16:$B$38)) -> 89 | G17: =IF(G16="","",SUMIF($A$16:$A$38,G16,$B$16:$B$38)) -> 96 | H17: =IF(H16="","",SUMIF($A$16:$A$38,H16,$B$16:$B$38)) -> 90 | I17: =IF(I16="","",SUMIF($A$16:$A$38,I16,$B$16:$B$38)) -> 80 | J17: =A3/10 -> 92.8 | K17: =ROUND(J17,0) -> 93
A18: POS | B18: 96 | E18: =B3 -> SPA | F18: =C3 -> LPA | G18: =D3 -> VIS | H18: =E3 -> CON | I18: =F3 -> 0
A19: HEA | B19: 90 | D19: =A4 -> DIS | E19: =IF(E18="","",SUMIF($A$16:$A$38,E18,$B$16:$B$38)) -> 83 | F19: =IF(F18="","",SUMIF($A$16:$A$38,F18,$B$16:$B$38)) -> 73 | G19: =IF(G18="","",SUMIF($A$16:$A$38,G18,$B$16:$B$38)) -> 82 | H19: =IF(H18="","",SUMIF($A$16:$A$38,H18,$B$16:$B$38)) -> 85 | I19: =IF(I18="","",SUMIF($A$16:$A$38,I18,$B$16:$B$38)) -> 0 | J19: =A5/10 -> 81.5 | K19: =ROUND(J19,0) -> 82
A20: CRO | B20: 80 | E20: =B5 -> DIR | F20: =C5 -> CON | G20: =D5 -> FLA | H20: =E5 -> VIS | I20: =F5 -> QD
A21: SPA | B21: 83 | D21: =A6 -> CRE | E21: =IF(E20="","",SUMIF($A$16:$A$38,E20,$B$16:$B$38)) -> 90 | F21: =IF(F20="","",SUMIF($A$16:$A$38,F20,$B$16:$B$38)) -> 85 | G21: =IF(G20="","",SUMIF($A$16:$A$38,G20,$B$16:$B$38)) -> 86 | H21: =IF(H20="","",SUMIF($A$16:$A$38,H20,$B$16:$B$38)) -> 82 | I21: =IF(I20="","",SUMIF($A$16:$A$38,I20,$B$16:$B$38)) -> 95 | J21: =A7/10 -> 88.9 | K21: =ROUND(J21,0) -> 89
A22: LPA | B22: 73 | E22: =B7 -> SPE | F22: =C7 -> ACC | G22: =D7 -> STA | H22: =E7 -> STE | I22: =F7 -> JUM
A23: VIS | B23: 82 | D23: =A8 -> PHY | E23: =IF(E22="","",SUMIF($A$16:$A$38,E22,$B$16:$B$38)) -> 96 | F23: =IF(F22="","",SUMIF($A$16:$A$38,F22,$B$16:$B$38)) -> 92 | G23: =IF(G22="","",SUMIF($A$16:$A$38,G22,$B$16:$B$38)) -> 82 | H23: =IF(H22="","",SUMIF($A$16:$A$38,H22,$B$16:$B$38)) -> 87 | I23: =IF(I22="","",SUMIF($A$16:$A$38,I22,$B$16:$B$38)) -> 91 | J23: =A9/10 -> 89.2 | K23: =ROUND(J23,0) -> 89
A24: CON | B24: 85 | E24: =B9 -> CAM | F24: =C9 -> QD | G24: =D9 -> POS | H24: =E9 -> VIS | I24: =F9 -> DEC
A25: FLA | B25: 86 | D25: =A10 -> MEN | E25: =IF(E24="","",SUMIF($A$16:$A$38,E24,$B$16:$B$38)) -> 86 | F25: =IF(F24="","",SUMIF($A$16:$A$38,F24,$B$16:$B$38)) -> 95 | G25: =IF(G24="","",SUMIF($A$16:$A$38,G24,$B$16:$B$38)) -> 96 | H25: =IF(H24="","",SUMIF($A$16:$A$38,H24,$B$16:$B$38)) -> 82 | I25: =IF(I24="","",SUMIF($A$16:$A$38,I24,$B$16:$B$38)) -> 85 | J25: =A11/10 -> 87.4 | K25: =ROUND(J25,0) -> 87
A26: DIR | B26: 90 | E26: =B11 -> INT | F26: =C11 -> TAC | G26: =D11 -> SLD | H26: =E11 -> COV | I26: =F11 -> HEA
A27: QD | B27: 95 | D27: =A12 -> DEF | E27: =IF(E26="","",SUMIF($A$16:$A$38,E26,$B$16:$B$38)) -> 60 | F27: =IF(F26="","",SUMIF($A$16:$A$38,F26,$B$16:$B$38)) -> 49 | G27: =IF(G26="","",SUMIF($A$16:$A$38,G26,$B$16:$B$38)) -> 45 | H27: =IF(H26="","",SUMIF($A$16:$A$38,H26,$B$16:$B$38)) -> 50 | I27: =IF(I26="","",SUMIF($A$16:$A$38,I26,$B$16:$B$38)) -> 90 | J27: =A13/10 -> 57.05 | K27: =ROUND(J27,0) -> 57
A28: SPE | B28: 96
A29: ACC | B29: 92
A30: STA | B30: 82
A31: STE | B31: 87
A32: JUM | B32: {=INDEX('Trang tính1'!$AC$4:$AC$88,MATCH("CR7 Icon",'Trang tính1'!$Y$4:$Y$88,0))} -> 91
A33: CAM | B33: 86
A34: DEC | B34: 85
A35: INT | B35: 60
A36: TAC | B36: 49
A37: SLD | B37: 45
A38: COV | B38: 50
A39: Total | B39: =SUM(B16:B38) -> 1870

Sheet Neymar Icon
A1: Neymar | B1: ='Trang tính1'!$B$9 -> FIN | C1: ='Trang tính1'!$C$9 -> LSH | D1: ='Trang tính1'!$D$9 -> POS | E1: ='Trang tính1'!$E$9 -> HEA | F1: ='Trang tính1'!$F$9 -> CRO | G1: ovr | H1: POS | I1: OVR
A2: ='Trang tính1'!$A$10 -> ATK | B2: ='Trang tính1'!$B$10 -> 4 | C2: ='Trang tính1'!$C$10 -> 1 | D2: ='Trang tính1'!$D$10 -> 2 | E2: ='Trang tính1'!$E$10 -> 1.5 | F2: ='Trang tính1'!$F$10 -> 1.5 | H2: ST | I2: =ROUND((J17*'Trang tính1'!$E$24+J21*'Trang tính1'!$F$24+J19*'Trang tính1'!$G$24+J23*'Trang tính1'!$H$24+J25*'Trang tính1'!$I$24+J27*'Trang tính1'!$J$24)/25,0) -> 86
A3: =SUMIF($A$16:$A$38,B1,$B$16:$B$38)*B2+SUMIF($A$16:$A$38,C1,$B$16:$B$38)*C2+SUMIF($A$16:$A$38,D1,$B$16:$B$38)*D2+SUMIF($A$16:$A$38,E1,$B$16:$B$38)*E2+SUMIF($A$16:$A$38,F1,$B$16:$B$38)*F2 -> 877 | B3: ='Trang tính1'!$B$11 -> SPA | C3: ='Trang tính1'!$C$11 -> LPA | D3: ='Trang tính1'!$D$11 -> VIS | E3: ='Trang tính1'!$E$11 -> CON | F3: ='Trang tính1'!$F$11 -> 0 | H3: CF | I3: =ROUND((J17*'Trang tính1'!$E$25+J21*'Trang tính1'!$F$25+J19*'Trang tính1'!$G$25+J23*'Trang tính1'!$H$25+J25*'Trang tính1'!$I$25+J27*'Trang tính1'!$J$25)/25,0) -> 87
A4: ='Trang tính1'!$A$12 -> DIS | B4: ='Trang tính1'!$B$12 -> 4 | C4: ='Trang tính1'!$C$12 -> 2 | D4: ='Trang tính1'!$D$12 -> 1 | E4: ='Trang tính1'!$E$12 -> 3 | F4: ='Trang tính1'!$F$12 -> 0 | H4: WF | I4: =ROUND((J17*'Trang tính1'!$E$26+J21*'Trang tính1'!$F$26+J19*'Trang tính1'!$G$26+J23*'Trang tính1'!$H$26+J25*'Trang tính1'!$I$26+J27*'Trang tính1'!$J$26)/25,0) -> 87
A5: =SUMIF($A$16:$A$38,B3,$B$16:$B$38)*B4+SUMIF($A$16:$A$38,C3,$B$16:$B$38)*C4+SUMIF($A$16:$A$38,D3,$B$16:$B$38)*D4+SUMIF($A$16:$A$38,E3,$B$16:$B$38)*E4+SUMIF($A$16:$A$38,F3,$B$16:$B$38)*F4 -> 874 | B5: ='Trang tính1'!$B$13 -> DIR | C5: ='Trang tính1'!$C$13 -> CON | D5: ='Trang tính1'!$D$13 -> FLA | E5: ='Trang tính1'!$E$13 -> VIS | F5: ='Trang tính1'!$F$13 -> QD | H5: AM | I5: =ROUND((J17*'Trang tính1'!$E$27+J21*'Trang tính1'!$F$27+J19*'Trang tính1'!$G$27+J23*'Trang tính1'!$H$27+J25*'Trang tính1'!$I$27+J27*'Trang tính1'!$J$27)/25,0) -> 87
A6: ='Trang tính1'!$A$14 -> CRE | B6: ='Trang tính1'!$B$14 -> 4 | C6: ='Trang tính1'!$C$14 -> 1 | D6: ='Trang tính1'!$D$14 -> 2 | E6: ='Trang tính1'!$E$14 -> 1 | F6: ='Trang tính1'!$F$14 -> 2 | H6: WM | I6: =ROUND((J17*'Trang tính1'!$E$28+J21*'Trang tính1'!$F$28+J19*'Trang tính1'!$G$28+J23*'Trang tính1'!$H$28+J25*'Trang tính1'!$I$28+J27*'Trang tính1'!$J$28)/25,0) -> 84
A7: =SUMIF($A$16:$A$38,B5,$B$16:$B$38)*B6+SUMIF($A$16:$A$38,C5,$B$16:$B$38)*C6+SUMIF($A$16:$A$38,D5,$B$16:$B$38)*D6+SUMIF($A$16:$A$38,E5,$B$16:$B$38)*E6+SUMIF($A$16:$A$38,F5,$B$16:$B$38)*F6 -> 928 | B7: ='Trang tính1'!$B$15 -> SPE | C7: ='Trang tính1'!$C$15 -> ACC | D7: ='Trang tính1'!$D$15 -> STA | E7: ='Trang tính1'!$E$15 -> STE | F7: ='Trang tính1'!$F$15 -> JUM | H7: CM | I7: =ROUND((J17*'Trang tính1'!$E$29+J21*'Trang tính1'!$F$29+J19*'Trang tính1'!$G$29+J23*'Trang tính1'!$H$29+J25*'Trang tính1'!$I$29+J27*'Trang tính1'!$J$29)/25,0) -> 82
A8: ='Trang tính1'!$A$16 -> PHY | B8: ='Trang tính1'!$B$16 -> 2 | C8: ='Trang tính1'!$C$16 -> 2 | D8: ='Trang tính1'!$D$16 -> 2 | E8: ='Trang tính1'!$E$16 -> 3 | F8: ='Trang tính1'!$F$16 -> 1 | H8: PV | I8: =ROUND((J17*'Trang tính1'!$E$30+J21*'Trang tính1'!$F$30+J19*'Trang tính1'!$G$30+J23*'Trang tính1'!$H$30+J25*'Trang tính1'!$I$30+J27*'Trang tính1'!$J$30)/25,0) -> 78
A9: =SUMIF($A$16:$A$38,B7,$B$16:$B$38)*B8+SUMIF($A$16:$A$38,C7,$B$16:$B$38)*C8+SUMIF($A$16:$A$38,D7,$B$16:$B$38)*D8+SUMIF($A$16:$A$38,E7,$B$16:$B$38)*E8+SUMIF($A$16:$A$38,F7,$B$16:$B$38)*F8 -> 820 | B9: ='Trang tính1'!$B$17 -> CAM | C9: ='Trang tính1'!$C$17 -> QD | D9: ='Trang tính1'!$D$17 -> POS | E9: ='Trang tính1'!$E$17 -> VIS | F9: ='Trang tính1'!$F$17 -> DEC | H9: WB | I9: =ROUND((J17*'Trang tính1'!$E$31+J21*'Trang tính1'!$F$31+J19*'Trang tính1'!$G$31+J23*'Trang tính1'!$H$31+J25*'Trang tính1'!$I$31+J27*'Trang tính1'!$J$31)/25,0) -> 82
A10: ='Trang tính1'!$A$18 -> MEN | B10: ='Trang tính1'!$B$18 -> 2 | C10: ='Trang tính1'!$C$18 -> 1 | D10: ='Trang tính1'!$D$18 -> 1.5 | E10: ='Trang tính1'!$E$18 -> 1.5 | F10: ='Trang tính1'!$F$18 -> 4 | H10: FB | I10: =ROUND((J17*'Trang tính1'!$E$32+J21*'Trang tính1'!$F$32+J19*'Trang tính1'!$G$32+J23*'Trang tính1'!$H$32+J25*'Trang tính1'!$I$32+J27*'Trang tính1'!$J$32)/25,0) -> 78
A11: =SUMIF($A$16:$A$38,B9,$B$16:$B$38)*B10+SUMIF($A$16:$A$38,C9,$B$16:$B$38)*C10+SUMIF($A$16:$A$38,D9,$B$16:$B$38)*D10+SUMIF($A$16:$A$38,E9,$B$16:$B$38)*E10+SUMIF($A$16:$A$38,F9,$B$16:$B$38)*F10 -> 881 | B11: ='Trang tính1'!$B$19 -> INT | C11: ='Trang tính1'!$C$19 -> TAC | D11: ='Trang tính1'!$D$19 -> SLD | E11: ='Trang tính1'!$E$19 -> COV | F11: ='Trang tính1'!$F$19 -> HEA | H11: CB | I11: =ROUND((J17*'Trang tính1'!$E$33+J21*'Trang tính1'!$F$33+J19*'Trang tính1'!$G$33+J23*'Trang tính1'!$H$33+J25*'Trang tính1'!$I$33+J27*'Trang tính1'!$J$33)/25,0) -> 73
A12: ='Trang tính1'!$A$20 -> DEF | B12: ='Trang tính1'!$B$20 -> 2 | C12: ='Trang tính1'!$C$20 -> 2 | D12: ='Trang tính1'!$D$20 -> 1.5 | E12: ='Trang tính1'!$E$20 -> 3 | F12: ='Trang tính1'!$F$20 -> 1.5
A13: =SUMIF($A$16:$A$38,B11,$B$16:$B$38)*B12+SUMIF($A$16:$A$38,C11,$B$16:$B$38)*C12+SUMIF($A$16:$A$38,D11,$B$16:$B$38)*D12+SUMIF($A$16:$A$38,E11,$B$16:$B$38)*E12+SUMIF($A$16:$A$38,F11,$B$16:$B$38)*F12 -> 513
B15: rating | J15: ovr | K15: Maverick
A16: FIN | B16: 91 | E16: =B1 -> FIN | F16: =C1 -> LSH | G16: =D1 -> POS | H16: =E1 -> HEA | I16: =F1 -> CRO
A17: LSH | B17: 86 | D17: =A2 -> ATK | E17: =IF(E16="","",SUMIF($A$16:$A$38,E16,$B$16:$B$38)) -> 91 | F17: =IF(F16="","",SUMIF($A$16:$A$38,F16,$B$16:$B$38)) -> 86 | G17: =IF(G16="","",SUMIF($A$16:$A$38,G16,$B$16:$B$38)) -> 92 | H17: =IF(H16="","",SUMIF($A$16:$A$38,H16,$B$16:$B$38)) -> 75 | I17: =IF(I16="","",SUMIF($A$16:$A$38,I16,$B$16:$B$38)) -> 87 | J17: =A3/10 -> 87.7 | K17: =ROUND(J17,0) -> 88
A18: POS | B18: 92 | E18: =B3 -> SPA | F18: =C3 -> LPA | G18: =D3 -> VIS | H18: =E3 -> CON | I18: =F3 -> 0
A19: HEA | B19: 75 | D19: =A4 -> DIS | E19: =IF(E18="","",SUMIF($A$16:$A$38,E18,$B$16:$B$38)) -> 88 | F19: =IF(F18="","",SUMIF($A$16:$A$38,F18,$B$16:$B$38)) -> 78 | G19: =IF(G18="","",SUMIF($A$16:$A$38,G18,$B$16:$B$38)) -> 90 | H19: =IF(H18="","",SUMIF($A$16:$A$38,H18,$B$16:$B$38)) -> 92 | I19: =IF(I18="","",SUMIF($A$16:$A$38,I18,$B$16:$B$38)) -> 0 | J19: =A5/10 -> 87.4 | K19: =ROUND(J19,0) -> 87
A20: CRO | B20: 87 | E20: =B5 -> DIR | F20: =C5 -> CON | G20: =D5 -> FLA | H20: =E5 -> VIS | I20: =F5 -> QD
A21: SPA | B21: 88 | D21: =A6 -> CRE | E21: =IF(E20="","",SUMIF($A$16:$A$38,E20,$B$16:$B$38)) -> 96 | F21: =IF(F20="","",SUMIF($A$16:$A$38,F20,$B$16:$B$38)) -> 92 | G21: =IF(G20="","",SUMIF($A$16:$A$38,G20,$B$16:$B$38)) -> 93 | H21: =IF(H20="","",SUMIF($A$16:$A$38,H20,$B$16:$B$38)) -> 90 | I21: =IF(I20="","",SUMIF($A$16:$A$38,I20,$B$16:$B$38)) -> 88 | J21: =A7/10 -> 92.8 | K21: =ROUND(J21,0) -> 93
A22: LPA | B22: 78 | E22: =B7 -> SPE | F22: =C7 -> ACC | G22: =D7 -> STA | H22: =E7 -> STE | I22: =F7 -> JUM
A23: VIS | B23: 90 | D23: =A8 -> PHY | E23: =IF(E22="","",SUMIF($A$16:$A$38,E22,$B$16:$B$38)) -> 92 | F23: =IF(F22="","",SUMIF($A$16:$A$38,F22,$B$16:$B$38)) -> 92 | G23: =IF(G22="","",SUMIF($A$16:$A$38,G22,$B$16:$B$38)) -> 77 | H23: =IF(H22="","",SUMIF($A$16:$A$38,H22,$B$16:$B$38)) -> 75 | I23: =IF(I22="","",SUMIF($A$16:$A$38,I22,$B$16:$B$38)) -> 73 | J23: =A9/10 -> 82 | K23: =ROUND(J23,0) -> 82
A24: CON | B24: 92 | E24: =B9 -> CAM | F24: =C9 -> QD | G24: =D9 -> POS | H24: =E9 -> VIS | I24: =F9 -> DEC
A25: FLA | B25: 93 | D25: =A10 -> MEN | E25: =IF(E24="","",SUMIF($A$16:$A$38,E24,$B$16:$B$38)) -> 88 | F25: =IF(F24="","",SUMIF($A$16:$A$38,F24,$B$16:$B$38)) -> 88 | G25: =IF(G24="","",SUMIF($A$16:$A$38,G24,$B$16:$B$38)) -> 92 | H25: =IF(H24="","",SUMIF($A$16:$A$38,H24,$B$16:$B$38)) -> 90 | I25: =IF(I24="","",SUMIF($A$16:$A$38,I24,$B$16:$B$38)) -> 86 | J25: =A11/10 -> 88.1 | K25: =ROUND(J25,0) -> 88
A26: DIR | B26: 96 | E26: =B11 -> INT | F26: =C11 -> TAC | G26: =D11 -> SLD | H26: =E11 -> COV | I26: =F11 -> HEA
A27: QD | B27: 88 | D27: =A12 -> DEF | E27: =IF(E26="","",SUMIF($A$16:$A$38,E26,$B$16:$B$38)) -> 50 | F27: =IF(F26="","",SUMIF($A$16:$A$38,F26,$B$16:$B$38)) -> 40 | G27: =IF(G26="","",SUMIF($A$16:$A$38,G26,$B$16:$B$38)) -> 51 | H27: =IF(H26="","",SUMIF($A$16:$A$38,H26,$B$16:$B$38)) -> 48 | I27: =IF(I26="","",SUMIF($A$16:$A$38,I26,$B$16:$B$38)) -> 75 | J27: =A13/10 -> 51.3 | K27: =ROUND(J27,0) -> 51
A28: SPE | B28: 92
A29: ACC | B29: 92
A30: STA | B30: 77
A31: STE | B31: 75
A32: JUM | B32: {=INDEX('Trang tính1'!$AC$4:$AC$88,MATCH("Neymar Icon",'Trang tính1'!$Y$4:$Y$88,0))} -> 73
A33: CAM | B33: 88
A34: DEC | B34: 86
A35: INT | B35: 50
A36: TAC | B36: 40
A37: SLD | B37: 51
A38: COV | B38: 48
A39: Total | B39: =SUM(B16:B38) -> 1828

Sheet Hazard Icon
A1: Hazard | B1: ='Trang tính1'!$B$9 -> FIN | C1: ='Trang tính1'!$C$9 -> LSH | D1: ='Trang tính1'!$D$9 -> POS | E1: ='Trang tính1'!$E$9 -> HEA | F1: ='Trang tính1'!$F$9 -> CRO | G1: ovr | H1: POS | I1: OVR
A2: ='Trang tính1'!$A$10 -> ATK | B2: ='Trang tính1'!$B$10 -> 4 | C2: ='Trang tính1'!$C$10 -> 1 | D2: ='Trang tính1'!$D$10 -> 2 | E2: ='Trang tính1'!$E$10 -> 1.5 | F2: ='Trang tính1'!$F$10 -> 1.5 | H2: ST | I2: =ROUND((J17*'Trang tính1'!$E$24+J21*'Trang tính1'!$F$24+J19*'Trang tính1'!$G$24+J23*'Trang tính1'!$H$24+J25*'Trang tính1'!$I$24+J27*'Trang tính1'!$J$24)/25,0) -> 84
A3: =SUMIF($A$16:$A$38,B1,$B$16:$B$38)*B2+SUMIF($A$16:$A$38,C1,$B$16:$B$38)*C2+SUMIF($A$16:$A$38,D1,$B$16:$B$38)*D2+SUMIF($A$16:$A$38,E1,$B$16:$B$38)*E2+SUMIF($A$16:$A$38,F1,$B$16:$B$38)*F2 -> 837.5 | B3: ='Trang tính1'!$B$11 -> SPA | C3: ='Trang tính1'!$C$11 -> LPA | D3: ='Trang tính1'!$D$11 -> VIS | E3: ='Trang tính1'!$E$11 -> CON | F3: ='Trang tính1'!$F$11 -> 0 | H3: CF | I3: =ROUND((J17*'Trang tính1'!$E$25+J21*'Trang tính1'!$F$25+J19*'Trang tính1'!$G$25+J23*'Trang tính1'!$H$25+J25*'Trang tính1'!$I$25+J27*'Trang tính1'!$J$25)/25,0) -> 85
A4: ='Trang tính1'!$A$12 -> DIS | B4: ='Trang tính1'!$B$12 -> 4 | C4: ='Trang tính1'!$C$12 -> 2 | D4: ='Trang tính1'!$D$12 -> 1 | E4: ='Trang tính1'!$E$12 -> 3 | F4: ='Trang tính1'!$F$12 -> 0 | H4: WF | I4: =ROUND((J17*'Trang tính1'!$E$26+J21*'Trang tính1'!$F$26+J19*'Trang tính1'!$G$26+J23*'Trang tính1'!$H$26+J25*'Trang tính1'!$I$26+J27*'Trang tính1'!$J$26)/25,0) -> 85
A5: =SUMIF($A$16:$A$38,B3,$B$16:$B$38)*B4+SUMIF($A$16:$A$38,C3,$B$16:$B$38)*C4+SUMIF($A$16:$A$38,D3,$B$16:$B$38)*D4+SUMIF($A$16:$A$38,E3,$B$16:$B$38)*E4+SUMIF($A$16:$A$38,F3,$B$16:$B$38)*F4 -> 858 | B5: ='Trang tính1'!$B$13 -> DIR | C5: ='Trang tính1'!$C$13 -> CON | D5: ='Trang tính1'!$D$13 -> FLA | E5: ='Trang tính1'!$E$13 -> VIS | F5: ='Trang tính1'!$F$13 -> QD | H5: AM | I5: =ROUND((J17*'Trang tính1'!$E$27+J21*'Trang tính1'!$F$27+J19*'Trang tính1'!$G$27+J23*'Trang tính1'!$H$27+J25*'Trang tính1'!$I$27+J27*'Trang tính1'!$J$27)/25,0) -> 85
A6: ='Trang tính1'!$A$14 -> CRE | B6: ='Trang tính1'!$B$14 -> 4 | C6: ='Trang tính1'!$C$14 -> 1 | D6: ='Trang tính1'!$D$14 -> 2 | E6: ='Trang tính1'!$E$14 -> 1 | F6: ='Trang tính1'!$F$14 -> 2 | H6: WM | I6: =ROUND((J17*'Trang tính1'!$E$28+J21*'Trang tính1'!$F$28+J19*'Trang tính1'!$G$28+J23*'Trang tính1'!$H$28+J25*'Trang tính1'!$I$28+J27*'Trang tính1'!$J$28)/25,0) -> 82
A7: =SUMIF($A$16:$A$38,B5,$B$16:$B$38)*B6+SUMIF($A$16:$A$38,C5,$B$16:$B$38)*C6+SUMIF($A$16:$A$38,D5,$B$16:$B$38)*D6+SUMIF($A$16:$A$38,E5,$B$16:$B$38)*E6+SUMIF($A$16:$A$38,F5,$B$16:$B$38)*F6 -> 900 | B7: ='Trang tính1'!$B$15 -> SPE | C7: ='Trang tính1'!$C$15 -> ACC | D7: ='Trang tính1'!$D$15 -> STA | E7: ='Trang tính1'!$E$15 -> STE | F7: ='Trang tính1'!$F$15 -> JUM | H7: CM | I7: =ROUND((J17*'Trang tính1'!$E$29+J21*'Trang tính1'!$F$29+J19*'Trang tính1'!$G$29+J23*'Trang tính1'!$H$29+J25*'Trang tính1'!$I$29+J27*'Trang tính1'!$J$29)/25,0) -> 80
A8: ='Trang tính1'!$A$16 -> PHY | B8: ='Trang tính1'!$B$16 -> 2 | C8: ='Trang tính1'!$C$16 -> 2 | D8: ='Trang tính1'!$D$16 -> 2 | E8: ='Trang tính1'!$E$16 -> 3 | F8: ='Trang tính1'!$F$16 -> 1 | H8: PV | I8: =ROUND((J17*'Trang tính1'!$E$30+J21*'Trang tính1'!$F$30+J19*'Trang tính1'!$G$30+J23*'Trang tính1'!$H$30+J25*'Trang tính1'!$I$30+J27*'Trang tính1'!$J$30)/25,0) -> 77
A9: =SUMIF($A$16:$A$38,B7,$B$16:$B$38)*B8+SUMIF($A$16:$A$38,C7,$B$16:$B$38)*C8+SUMIF($A$16:$A$38,D7,$B$16:$B$38)*D8+SUMIF($A$16:$A$38,E7,$B$16:$B$38)*E8+SUMIF($A$16:$A$38,F7,$B$16:$B$38)*F8 -> 823 | B9: ='Trang tính1'!$B$17 -> CAM | C9: ='Trang tính1'!$C$17 -> QD | D9: ='Trang tính1'!$D$17 -> POS | E9: ='Trang tính1'!$E$17 -> VIS | F9: ='Trang tính1'!$F$17 -> DEC | H9: WB | I9: =ROUND((J17*'Trang tính1'!$E$31+J21*'Trang tính1'!$F$31+J19*'Trang tính1'!$G$31+J23*'Trang tính1'!$H$31+J25*'Trang tính1'!$I$31+J27*'Trang tính1'!$J$31)/25,0) -> 81
A10: ='Trang tính1'!$A$18 -> MEN | B10: ='Trang tính1'!$B$18 -> 2 | C10: ='Trang tính1'!$C$18 -> 1 | D10: ='Trang tính1'!$D$18 -> 1.5 | E10: ='Trang tính1'!$E$18 -> 1.5 | F10: ='Trang tính1'!$F$18 -> 4 | H10: FB | I10: =ROUND((J17*'Trang tính1'!$E$32+J21*'Trang tính1'!$F$32+J19*'Trang tính1'!$G$32+J23*'Trang tính1'!$H$32+J25*'Trang tính1'!$I$32+J27*'Trang tính1'!$J$32)/25,0) -> 78
A11: =SUMIF($A$16:$A$38,B9,$B$16:$B$38)*B10+SUMIF($A$16:$A$38,C9,$B$16:$B$38)*C10+SUMIF($A$16:$A$38,D9,$B$16:$B$38)*D10+SUMIF($A$16:$A$38,E9,$B$16:$B$38)*E10+SUMIF($A$16:$A$38,F9,$B$16:$B$38)*F10 -> 882.5 | B11: ='Trang tính1'!$B$19 -> INT | C11: ='Trang tính1'!$C$19 -> TAC | D11: ='Trang tính1'!$D$19 -> SLD | E11: ='Trang tính1'!$E$19 -> COV | F11: ='Trang tính1'!$F$19 -> HEA | H11: CB | I11: =ROUND((J17*'Trang tính1'!$E$33+J21*'Trang tính1'!$F$33+J19*'Trang tính1'!$G$33+J23*'Trang tính1'!$H$33+J25*'Trang tính1'!$I$33+J27*'Trang tính1'!$J$33)/25,0) -> 73
A12: ='Trang tính1'!$A$20 -> DEF | B12: ='Trang tính1'!$B$20 -> 2 | C12: ='Trang tính1'!$C$20 -> 2 | D12: ='Trang tính1'!$D$20 -> 1.5 | E12: ='Trang tính1'!$E$20 -> 3 | F12: ='Trang tính1'!$F$20 -> 1.5
A13: =SUMIF($A$16:$A$38,B11,$B$16:$B$38)*B12+SUMIF($A$16:$A$38,C11,$B$16:$B$38)*C12+SUMIF($A$16:$A$38,D11,$B$16:$B$38)*D12+SUMIF($A$16:$A$38,E11,$B$16:$B$38)*E12+SUMIF($A$16:$A$38,F11,$B$16:$B$38)*F12 -> 512.5
B15: rating | J15: ovr | K15: Maverick
A16: FIN | B16: 86 | E16: =B1 -> FIN | F16: =C1 -> LSH | G16: =D1 -> POS | H16: =E1 -> HEA | I16: =F1 -> CRO
A17: LSH | B17: 86 | D17: =A2 -> ATK | E17: =IF(E16="","",SUMIF($A$16:$A$38,E16,$B$16:$B$38)) -> 86 | F17: =IF(F16="","",SUMIF($A$16:$A$38,F16,$B$16:$B$38)) -> 86 | G17: =IF(G16="","",SUMIF($A$16:$A$38,G16,$B$16:$B$38)) -> 89 | H17: =IF(H16="","",SUMIF($A$16:$A$38,H16,$B$16:$B$38)) -> 65 | I17: =IF(I16="","",SUMIF($A$16:$A$38,I16,$B$16:$B$38)) -> 88 | J17: =A3/10 -> 83.75 | K17: =ROUND(J17,0) -> 84
A18: POS | B18: 89 | E18: =B3 -> SPA | F18: =C3 -> LPA | G18: =D3 -> VIS | H18: =E3 -> CON | I18: =F3 -> 0
A19: HEA | B19: 65 | D19: =A4 -> DIS | E19: =IF(E18="","",SUMIF($A$16:$A$38,E18,$B$16:$B$38)) -> 86 | F19: =IF(F18="","",SUMIF($A$16:$A$38,F18,$B$16:$B$38)) -> 72 | G19: =IF(G18="","",SUMIF($A$16:$A$38,G18,$B$16:$B$38)) -> 88 | H19: =IF(H18="","",SUMIF($A$16:$A$38,H18,$B$16:$B$38)) -> 94 | I19: =IF(I18="","",SUMIF($A$16:$A$38,I18,$B$16:$B$38)) -> 0 | J19: =A5/10 -> 85.8 | K19: =ROUND(J19,0) -> 86
A20: CRO | B20: 88 | E20: =B5 -> DIR | F20: =C5 -> CON | G20: =D5 -> FLA | H20: =E5 -> VIS | I20: =F5 -> QD
A21: SPA | B21: 86 | D21: =A6 -> CRE | E21: =IF(E20="","",SUMIF($A$16:$A$38,E20,$B$16:$B$38)) -> 94 | F21: =IF(F20="","",SUMIF($A$16:$A$38,F20,$B$16:$B$38)) -> 94 | G21: =IF(G20="","",SUMIF($A$16:$A$38,G20,$B$16:$B$38)) -> 90 | H21: =IF(H20="","",SUMIF($A$16:$A$38,H20,$B$16:$B$38)) -> 88 | I21: =IF(I20="","",SUMIF($A$16:$A$38,I20,$B$16:$B$38)) -> 81 | J21: =A7/10 -> 90 | K21: =ROUND(J21,0) -> 90
A22: LPA | B22: 72 | E22: =B7 -> SPE | F22: =C7 -> ACC | G22: =D7 -> STA | H22: =E7 -> STE | I22: =F7 -> JUM
A23: VIS | B23: 88 | D23: =A8 -> PHY | E23: =IF(E22="","",SUMIF($A$16:$A$38,E22,$B$16:$B$38)) -> 88 | F23: =IF(F22="","",SUMIF($A$16:$A$38,F22,$B$16:$B$38)) -> 94 | G23: =IF(G22="","",SUMIF($A$16:$A$38,G22,$B$16:$B$38)) -> 74 | H23: =IF(H22="","",SUMIF($A$16:$A$38,H22,$B$16:$B$38)) -> 80 | I23: =IF(I22="","",SUMIF($A$16:$A$38,I22,$B$16:$B$38)) -> 71 | J23: =A9/10 -> 82.3 | K23: =ROUND(J23,0) -> 82
A24: CON | B24: 94 | E24: =B9 -> CAM | F24: =C9 -> QD | G24: =D9 -> POS | H24: =E9 -> VIS | I24: =F9 -> DEC
A25: FLA | B25: 90 | D25: =A10 -> MEN | E25: =IF(E24="","",SUMIF($A$16:$A$38,E24,$B$16:$B$38)) -> 90 | F25: =IF(F24="","",SUMIF($A$16:$A$38,F24,$B$16:$B$38)) -> 81 | G25: =IF(G24="","",SUMIF($A$16:$A$38,G24,$B$16:$B$38)) -> 89 | H25: =IF(H24="","",SUMIF($A$16:$A$38,H24,$B$16:$B$38)) -> 88 | I25: =IF(I24="","",SUMIF($A$16:$A$38,I24,$B$16:$B$38)) -> 89 | J25: =A11/10 -> 88.25 | K25: =ROUND(J25,0) -> 88
A26: DIR | B26: 94 | E26: =B11 -> INT | F26: =C11 -> TAC | G26: =D11 -> SLD | H26: =E11 -> COV | I26: =F11 -> HEA
A27: QD | B27: 81 | D27: =A12 -> DEF | E27: =IF(E26="","",SUMIF($A$16:$A$38,E26,$B$16:$B$38)) -> 53 | F27: =IF(F26="","",SUMIF($A$16:$A$38,F26,$B$16:$B$38)) -> 48 | G27: =IF(G26="","",SUMIF($A$16:$A$38,G26,$B$16:$B$38)) -> 58 | H27: =IF(H26="","",SUMIF($A$16:$A$38,H26,$B$16:$B$38)) -> 42 | I27: =IF(I26="","",SUMIF($A$16:$A$38,I26,$B$16:$B$38)) -> 65 | J27: =A13/10 -> 51.25 | K27: =ROUND(J27,0) -> 51
A28: SPE | B28: 88
A29: ACC | B29: 94
A30: STA | B30: 74
A31: STE | B31: 80
A32: JUM | B32: {=INDEX('Trang tính1'!$AC$4:$AC$88,MATCH("Hazard Icon",'Trang tính1'!$Y$4:$Y$88,0))} -> 71
A33: CAM | B33: 90
A34: DEC | B34: 89
A35: INT | B35: 53
A36: TAC | B36: 48
A37: SLD | B37: 58
A38: COV | B38: 42
A39: Total | B39: =SUM(B16:B38) -> 1806

Sheet Kane
A1: Kane | B1: ='Trang tính1'!$B$9 -> FIN | C1: ='Trang tính1'!$C$9 -> LSH | D1: ='Trang tính1'!$D$9 -> POS | E1: ='Trang tính1'!$E$9 -> HEA | F1: ='Trang tính1'!$F$9 -> CRO | G1: ovr | H1: POS | I1: OVR
